price_open,price_high,price_low,price_close,timestamp,date
5.11837e-10,5.11837e-10,5.11837e-10,5.11837e-10,1669659660,2022-11-28T18:21:00
1.13067e-09,1.13067e-09,1.13067e-09,1.13067e-09,1627808700,2021-08-01T09:05:00
4.66849e-08,4.66849e-08,4.66849e-08,4.66849e-08,1625234460,2021-07-02T14:01:00
3.72951e-06,3.72951e-06,3.72951e-06,3.72951e-06,1625233740,2021-07-02T13:49:00
0.000302103,0.000302103,0.000302103,0.000302103,1623673500,2021-06-14T12:25:00
0.000316184,0.000316184,0.000316184,0.000316184,1621971000,2021-05-25T19:30:00
0.00035548,0.00035548,0.00035548,0.00035548,1619955600,2021-05-02T11:40:00
0.000181671,0.000181671,0.000181671,0.000181671,1614719400,2021-03-02T21:10:00
0.000204093,0.000204093,0.000204093,0.000204093,1614188520,2021-02-24T17:42:00
0.00024035,0.00024035,0.00024035,0.00024035,1613785140,2021-02-20T01:39:00
0.000154667,0.000154667,0.000154667,0.000154667,1611375780,2021-01-23T04:23:00
0.000141023,0.000141023,0.000141023,0.000141023,1610576640,2021-01-13T22:24:00
9.14317e-05,9.14317e-05,9.14317e-05,9.14317e-05,1609265400,2020-12-29T18:10:00
7.85663e-05,7.85663e-05,7.85663e-05,7.85663e-05,1608991920,2020-12-26T14:12:00
7.89763e-05,7.89763e-05,7.89763e-05,7.89763e-05,1608595080,2020-12-21T23:58:00
8.28049e-05,8.28049e-05,8.28049e-05,8.28049e-05,1608480540,2020-12-20T16:09:00
8.24866e-05,8.24866e-05,8.24866e-05,8.24866e-05,1608442560,2020-12-20T05:36:00
7.40814e-05,7.40814e-05,7.40814e-05,7.40814e-05,1608091140,2020-12-16T03:59:00
7.3476e-05,7.3476e-05,7.3476e-05,7.3476e-05,1608013860,2020-12-15T06:31:00
7.70491e-05,7.70491e-05,7.70491e-05,7.70491e-05,1608006060,2020-12-15T04:21:00
7.8617e-05,7.8617e-05,7.8617e-05,7.8617e-05,1607969700,2020-12-14T18:15:00
8.01162e-05,8.01162e-05,8.01162e-05,8.01162e-05,1607926740,2020-12-14T06:19:00
8.01261e-05,8.01261e-05,8.01261e-05,8.01261e-05,1607910300,2020-12-14T01:45:00
8.10666e-05,8.10666e-05,8.10666e-05,8.10666e-05,1607885820,2020-12-13T18:57:00
8.0166e-05,8.0166e-05,8.0166e-05,8.0166e-05,1607870280,2020-12-13T14:38:00
7.90805e-05,7.90805e-05,7.90805e-05,7.90805e-05,1607864460,2020-12-13T13:01:00
7.95347e-05,7.95347e-05,7.95347e-05,7.95347e-05,1607863500,2020-12-13T12:45:00
7.92721e-05,7.92721e-05,7.92721e-05,7.92721e-05,1607859540,2020-12-13T11:39:00
7.76944e-05,7.76944e-05,7.76944e-05,7.76944e-05,1607838000,2020-12-13T05:40:00
7.97655e-05,7.97655e-05,7.97655e-05,7.97655e-05,1607829120,2020-12-13T03:12:00
8.2291e-05,8.2291e-05,8.2291e-05,8.2291e-05,1607821620,2020-12-13T01:07:00
8.10874e-05,8.10874e-05,8.10874e-05,8.10874e-05,1607820900,2020-12-13T00:55:00
7.89611e-05,7.89611e-05,7.89611e-05,7.89611e-05,1607820780,2020-12-13T00:53:00
7.69721e-05,7.69721e-05,7.69721e-05,7.69721e-05,1607819520,2020-12-13T00:32:00
7.65743e-05,7.65743e-05,7.65743e-05,7.65743e-05,1607819100,2020-12-13T00:25:00
7.61183e-05,7.61183e-05,7.61183e-05,7.61183e-05,1607818740,2020-12-13T00:19:00
7.74769e-05,7.74769e-05,7.74769e-05,7.74769e-05,1607817060,2020-12-12T23:51:00
7.94262e-05,7.94262e-05,7.94262e-05,7.94262e-05,1607815560,2020-12-12T23:26:00
8.02386e-05,8.02386e-05,8.02386e-05,8.02386e-05,1607812320,2020-12-12T22:32:00
8.0288e-05,8.0288e-05,8.0288e-05,8.0288e-05,1607809260,2020-12-12T21:41:00
8.00563e-05,8.00563e-05,8.00563e-05,8.00563e-05,1607808840,2020-12-12T21:34:00
8.05845e-05,8.05845e-05,8.05845e-05,8.05845e-05,1607808720,2020-12-12T21:32:00
8.03884e-05,8.03884e-05,8.03884e-05,8.03884e-05,1607807520,2020-12-12T21:12:00
8.07844e-05,8.07844e-05,8.07844e-05,8.07844e-05,1607807460,2020-12-12T21:11:00
0.000389325,0.000389325,0.000389325,0.000389325,1607806980,2020-12-12T21:03:00
0.00188164,0.00188164,0.00188164,0.00188164,1607804100,2020-12-12T20:15:00
0.00187363,0.00187363,0.00187363,0.00187363,1607800500,2020-12-12T19:15:00
0.00186942,0.00186942,0.00186942,0.00186942,1607798520,2020-12-12T18:42:00
0.00186617,0.00186617,0.00186617,0.00186617,1607796720,2020-12-12T18:12:00
0.00188201,0.00188201,0.00188201,0.00188201,1607796120,2020-12-12T18:02:00
0.00186852,0.00186852,0.00186852,0.00186852,1607794980,2020-12-12T17:43:00
0.00186979,0.00186979,0.00186979,0.00186979,1607794800,2020-12-12T17:40:00
0.00188028,0.00188028,0.00188028,0.00188028,1607794680,2020-12-12T17:38:00
0.00187546,0.00187546,0.00187546,0.00187546,1607792460,2020-12-12T17:01:00
0.0018866,0.0018866,0.0018866,0.0018866,1607791800,2020-12-12T16:50:00
0.0018744,0.0018744,0.0018744,0.0018744,1607791680,2020-12-12T16:48:00
0.00188066,0.00188066,0.00188066,0.00188066,1607791440,2020-12-12T16:44:00
0.00186963,0.00186963,0.00186963,0.00186963,1607789040,2020-12-12T16:04:00
0.00186971,0.00186971,0.00186971,0.00186971,1607787480,2020-12-12T15:38:00
0.00187106,0.00187106,0.00187106,0.00187106,1607786340,2020-12-12T15:19:00
0.00187812,0.00187812,0.00187812,0.00187812,1607784240,2020-12-12T14:44:00
0.00189837,0.00189837,0.00189837,0.00189837,1607783400,2020-12-12T14:30:00
0.00188661,0.00188661,0.00188661,0.00188661,1607780400,2020-12-12T13:40:00
0.00189684,0.00189684,0.00189684,0.00189684,1607779860,2020-12-12T13:31:00
0.00189347,0.00189347,0.00189347,0.00189347,1607779560,2020-12-12T13:26:00
0.00188251,0.00188251,0.00188251,0.00188251,1607779020,2020-12-12T13:17:00
0.00189199,0.00189199,0.00189199,0.00189199,1607777040,2020-12-12T12:44:00
0.00190479,0.00190479,0.00190479,0.00190479,1607776680,2020-12-12T12:38:00
0.00189798,0.00189798,0.00189798,0.00189798,1607775240,2020-12-12T12:14:00
0.00189994,0.00189994,0.00189994,0.00189994,1607775120,2020-12-12T12:12:00
0.00194419,0.00194419,0.00194419,0.00194419,1607774700,2020-12-12T12:05:00
0.00203895,0.00203895,0.00203895,0.00203895,1607774220,2020-12-12T11:57:00
0.00208624,0.00208624,0.00208624,0.00208624,1607773320,2020-12-12T11:42:00
0.0020847,0.0020847,0.0020847,0.0020847,1607771580,2020-12-12T11:13:00
0.00208736,0.00208736,0.00208736,0.00208736,1607771220,2020-12-12T11:07:00
0.00208861,0.00208861,0.00208861,0.00208861,1607769600,2020-12-12T10:40:00
0.00209362,0.00209362,0.00209362,0.00209362,1607769180,2020-12-12T10:33:00
0.00210994,0.00210994,0.00210994,0.00210994,1607769120,2020-12-12T10:32:00
0.00212021,0.00212021,0.00212021,0.00212021,1607767080,2020-12-12T09:58:00
0.0021304,0.0021304,0.0021304,0.0021304,1607764380,2020-12-12T09:13:00
0.00213884,0.00213884,0.00213884,0.00213884,1607764200,2020-12-12T09:10:00
0.00214105,0.00214105,0.00214105,0.00214105,1607763660,2020-12-12T09:01:00
0.00215617,0.00215617,0.00215617,0.00215617,1607763240,2020-12-12T08:54:00
0.00216475,0.00216475,0.00216475,0.00216475,1607763000,2020-12-12T08:50:00
0.00216887,0.00216887,0.00216887,0.00216887,1607761800,2020-12-12T08:30:00
0.00216921,0.00216921,0.00216921,0.00216921,1607761680,2020-12-12T08:28:00
0.00217124,0.00217124,0.00217124,0.00217124,1607761500,2020-12-12T08:25:00
0.00217892,0.00217892,0.00217892,0.00217892,1607760960,2020-12-12T08:16:00
0.00217395,0.00217395,0.00217395,0.00217395,1607758200,2020-12-12T07:30:00
0.00217859,0.00217859,0.00217859,0.00217859,1607756760,2020-12-12T07:06:00
0.00223788,0.00223788,0.00223788,0.00223788,1607755500,2020-12-12T06:45:00
0.00213088,0.00213088,0.00213088,0.00213088,1607755440,2020-12-12T06:44:00
0.00206583,0.00206583,0.00206583,0.00206583,1607755080,2020-12-12T06:38:00
0.0020702,0.0020702,0.0020702,0.0020702,1607754900,2020-12-12T06:35:00
0.00207304,0.00207304,0.00207304,0.00207304,1607754600,2020-12-12T06:30:00
0.00208381,0.00208381,0.00208381,0.00208381,1607753520,2020-12-12T06:12:00
0.00207466,0.00207466,0.00207466,0.00207466,1607752860,2020-12-12T06:01:00
0.00210804,0.00210804,0.00210804,0.00210804,1607752560,2020-12-12T05:56:00
0.00217243,0.00217243,0.00217243,0.00217243,1607751600,2020-12-12T05:40:00
0.00217142,0.00217142,0.00217142,0.00217142,1607750940,2020-12-12T05:29:00
0.00216142,0.00216142,0.00216142,0.00216142,1607750880,2020-12-12T05:28:00
0.00216982,0.00216982,0.00216982,0.00216982,1607750820,2020-12-12T05:27:00
0.00217371,0.00217371,0.00217371,0.00217371,1607749980,2020-12-12T05:13:00
0.0021746,0.0021746,0.0021746,0.0021746,1607749740,2020-12-12T05:09:00
0.002188,0.002188,0.002188,0.002188,1607749680,2020-12-12T05:08:00
0.00217275,0.00217275,0.00217275,0.00217275,1607749380,2020-12-12T05:03:00
0.00216518,0.00216518,0.00216518,0.00216518,1607747640,2020-12-12T04:34:00
0.00217015,0.00217015,0.00217015,0.00217015,1607747460,2020-12-12T04:31:00
0.00217603,0.00217603,0.00217603,0.00217603,1607747160,2020-12-12T04:26:00
0.00223812,0.00223812,0.00223812,0.00223812,1607745840,2020-12-12T04:04:00
0.00229677,0.00229677,0.00229677,0.00229677,1607745660,2020-12-12T04:01:00
0.00230772,0.00230772,0.00230772,0.00230772,1607745360,2020-12-12T03:56:00
0.00230645,0.00230645,0.00230645,0.00230645,1607744580,2020-12-12T03:43:00
0.00231455,0.00231455,0.00231455,0.00231455,1607744340,2020-12-12T03:39:00
0.00232297,0.00232297,0.00232297,0.00232297,1607744160,2020-12-12T03:36:00
0.00232872,0.00232872,0.00232872,0.00232872,1607744100,2020-12-12T03:35:00
0.00233614,0.00233614,0.00233614,0.00233614,1607743800,2020-12-12T03:30:00
0.00230957,0.00230957,0.00230957,0.00230957,1607743740,2020-12-12T03:29:00
0.00231061,0.00231061,0.00231061,0.00231061,1607743680,2020-12-12T03:28:00
0.00232714,0.00232714,0.00232714,0.00232714,1607743260,2020-12-12T03:21:00
0.00234239,0.00234239,0.00234239,0.00234239,1607743140,2020-12-12T03:19:00
0.0023055,0.0023055,0.0023055,0.0023055,1607742960,2020-12-12T03:16:00
0.00227485,0.00227485,0.00227485,0.00227485,1607742900,2020-12-12T03:15:00
0.00225433,0.00225433,0.00225433,0.00225433,1607742780,2020-12-12T03:13:00
0.00221829,0.00221829,0.00221829,0.00221829,1607742600,2020-12-12T03:10:00
0.00220229,0.00220229,0.00219026,0.00219026,1607742540,2020-12-12T03:09:00
0.00217874,0.00217874,0.00217874,0.00217874,1607742420,2020-12-12T03:07:00
0.00244174,0.00244174,0.00244174,0.00244174,1607742360,2020-12-12T03:06:00
0.00269418,0.00269418,0.00269418,0.00269418,1607742300,2020-12-12T03:05:00
0.00280579,0.00280579,0.00280579,0.00280579,1607742240,2020-12-12T03:04:00
0.00293011,0.00293011,0.00293011,0.00293011,1607742180,2020-12-12T03:03:00
0.00291924,0.00291924,0.00291924,0.00291924,1607741640,2020-12-12T02:54:00
0.00301815,0.00301815,0.00294705,0.00294705,1607741520,2020-12-12T02:52:00
0.00307606,0.00307606,0.00307606,0.00307606,1607741400,2020-12-12T02:50:00
0.00289304,0.00289304,0.00289304,0.00289304,1607741340,2020-12-12T02:49:00
0.00291309,0.00291309,0.0029078,0.0029078,1607740860,2020-12-12T02:41:00
0.00236787,0.00236787,0.00236787,0.00236787,1607740800,2020-12-12T02:40:00
0.00239285,0.00239285,0.00239285,0.00239285,1607740740,2020-12-12T02:39:00
0.00239295,0.00240408,0.00239295,0.00240408,1607740680,2020-12-12T02:38:00
0.00238515,0.00238515,0.00238515,0.00238515,1607740140,2020-12-12T02:29:00
0.00229352,0.00229352,0.00229352,0.00229352,1607740080,2020-12-12T02:28:00
0.00217221,0.00217221,0.00217221,0.00217221,1607739780,2020-12-12T02:23:00
0.00218451,0.00218451,0.00218451,0.00218451,1607739540,2020-12-12T02:19:00
0.00216929,0.00216929,0.00216929,0.00216929,1607739120,2020-12-12T02:12:00
0.00223026,0.00223026,0.00223026,0.00223026,1607738940,2020-12-12T02:09:00
0.0020743,0.0020743,0.0020743,0.0020743,1607738880,2020-12-12T02:08:00
0.00206543,0.00206543,0.00206543,0.00206543,1607738820,2020-12-12T02:07:00
0.00203767,0.00203767,0.00203767,0.00203767,1607738760,2020-12-12T02:06:00
0.00199134,0.00199134,0.00199134,0.00199134,1607738580,2020-12-12T02:03:00
0.00198024,0.00199326,0.00198024,0.00199326,1607738220,2020-12-12T01:57:00
0.00192833,0.00192833,0.00192833,0.00192833,1607737980,2020-12-12T01:53:00
0.00185312,0.00185312,0.00185312,0.00185312,1607737920,2020-12-12T01:52:00
0.00185843,0.00185843,0.00185843,0.00185843,1607737800,2020-12-12T01:50:00
0.00195682,0.00195682,0.00195682,0.00195682,1607737320,2020-12-12T01:42:00
0.00181335,0.00181335,0.00181335,0.00181335,1607737200,2020-12-12T01:40:00
0.00182138,0.00182138,0.00182138,0.00182138,1607736300,2020-12-12T01:25:00
0.00183219,0.00183219,0.00183219,0.00183219,1607736060,2020-12-12T01:21:00
0.00182367,0.00182367,0.00182367,0.00182367,1607736000,2020-12-12T01:20:00
0.00183568,0.00183568,0.00183568,0.00183568,1607735760,2020-12-12T01:16:00
0.001866,0.001866,0.001866,0.001866,1607735280,2020-12-12T01:08:00
0.00190451,0.00190451,0.00190451,0.00190451,1607735040,2020-12-12T01:04:00
0.00191304,0.00191304,0.00191304,0.00191304,1607734980,2020-12-12T01:03:00
0.00191358,0.00191358,0.00191358,0.00191358,1607734560,2020-12-12T00:56:00
0.00228704,0.00228704,0.00228704,0.00228704,1607734320,2020-12-12T00:52:00
0.00183521,0.00183521,0.00183521,0.00183521,1607733660,2020-12-12T00:41:00
0.00183682,0.00183682,0.00183682,0.00183682,1607733600,2020-12-12T00:40:00
0.00183753,0.00183753,0.00183753,0.00183753,1607733180,2020-12-12T00:33:00
0.00186473,0.00186473,0.00186473,0.00186473,1607732880,2020-12-12T00:28:00
0.00189721,0.00189721,0.00189721,0.00189721,1607732520,2020-12-12T00:22:00
0.00189403,0.00189403,0.00189403,0.00189403,1607732400,2020-12-12T00:20:00
0.00190578,0.00190578,0.00190578,0.00190578,1607732340,2020-12-12T00:19:00
0.00191439,0.00191439,0.00191439,0.00191439,1607731500,2020-12-12T00:05:00
0.00189915,0.00189915,0.00189915,0.00189915,1607731380,2020-12-12T00:03:00
0.00191461,0.00191461,0.00191461,0.00191461,1607731200,2020-12-12T00:00:00
0.00198239,0.00198239,0.00194283,0.00194283,1607731140,2020-12-11T23:59:00
0.00207252,0.00207252,0.00207252,0.00207252,1607731020,2020-12-11T23:57:00
0.0021869,0.0021869,0.0021869,0.0021869,1607730960,2020-12-11T23:56:00
0.00220577,0.00220577,0.00220577,0.00220577,1607730900,2020-12-11T23:55:00
0.00221049,0.00221049,0.00221049,0.00221049,1607730840,2020-12-11T23:54:00
0.00224366,0.00224366,0.00224366,0.00224366,1607730780,2020-12-11T23:53:00
0.0022894,0.0022894,0.0022894,0.0022894,1607730720,2020-12-11T23:52:00
0.00230411,0.00230411,0.00230411,0.00230411,1607730540,2020-12-11T23:49:00
0.00232572,0.00232572,0.00232572,0.00232572,1607730420,2020-12-11T23:47:00
0.00233449,0.00233449,0.00233449,0.00233449,1607730180,2020-12-11T23:43:00
0.00234135,0.00234135,0.00234135,0.00234135,1607730120,2020-12-11T23:42:00
0.0023865,0.0023865,0.0023865,0.0023865,1607729580,2020-12-11T23:33:00
0.00240593,0.00240593,0.00240593,0.00240593,1607729220,2020-12-11T23:27:00
0.00236453,0.00236453,0.00236453,0.00236453,1607728800,2020-12-11T23:20:00
0.00237909,0.00237909,0.00237909,0.00237909,1607728740,2020-12-11T23:19:00
0.0023815,0.0023815,0.0023815,0.0023815,1607728560,2020-12-11T23:16:00
0.00238419,0.00238419,0.00238419,0.00238419,1607728380,2020-12-11T23:13:00
0.00238519,0.00238519,0.00238519,0.00238519,1607728200,2020-12-11T23:10:00
0.00239021,0.00239021,0.00238823,0.00238823,1607728020,2020-12-11T23:07:00
0.00239607,0.00239607,0.00239607,0.00239607,1607727960,2020-12-11T23:06:00
0.00237836,0.00237836,0.00237836,0.00237836,1607727780,2020-12-11T23:03:00
0.00237252,0.00237252,0.00237252,0.00237252,1607727720,2020-12-11T23:02:00
0.00234767,0.00234767,0.00234767,0.00234767,1607727360,2020-12-11T22:56:00
0.00235596,0.00236456,0.00235596,0.00236456,1607727180,2020-12-11T22:53:00
0.00236939,0.00236939,0.00236939,0.00236939,1607726940,2020-12-11T22:49:00
0.00238511,0.00238511,0.00238139,0.00238139,1607726880,2020-12-11T22:48:00
0.00238352,0.00238352,0.00238352,0.00238352,1607726820,2020-12-11T22:47:00
0.00238802,0.00238802,0.00238802,0.00238802,1607726700,2020-12-11T22:45:00
0.00239594,0.00240757,0.00239572,0.00239572,1607726580,2020-12-11T22:43:00
0.00238994,0.00238994,0.00238994,0.00238994,1607726460,2020-12-11T22:41:00
0.00237484,0.00237484,0.00237484,0.00237484,1607726340,2020-12-11T22:39:00
0.00236013,0.00236013,0.00236013,0.00236013,1607726280,2020-12-11T22:38:00
0.00235095,0.00235095,0.00235095,0.00235095,1607726160,2020-12-11T22:36:00
0.00236911,0.00236911,0.00236911,0.00236911,1607726100,2020-12-11T22:35:00
0.00237822,0.00237822,0.00237608,0.00237608,1607725980,2020-12-11T22:33:00
0.00237996,0.00237996,0.00237996,0.00237996,1607725860,2020-12-11T22:31:00
0.00240874,0.00240874,0.00240874,0.00240874,1607725800,2020-12-11T22:30:00
0.00244841,0.00244841,0.00244321,0.00244321,1607725680,2020-12-11T22:28:00
0.00245292,0.00245292,0.00243996,0.00243996,1607725560,2020-12-11T22:26:00
0.00243366,0.00243366,0.00243205,0.00243205,1607725500,2020-12-11T22:25:00
0.00245863,0.00245863,0.00244813,0.00244813,1607725440,2020-12-11T22:24:00
0.00247081,0.00247081,0.00247081,0.00247081,1607725380,2020-12-11T22:23:00
0.0024599,0.0024599,0.0024599,0.0024599,1607725320,2020-12-11T22:22:00
0.00246879,0.00250395,0.00246785,0.00250195,1607725260,2020-12-11T22:21:00
0.00248348,0.00248348,0.00248348,0.00248348,1607725200,2020-12-11T22:20:00
0.00248523,0.00248523,0.00248523,0.00248523,1607725140,2020-12-11T22:19:00
0.00248837,0.00248837,0.00248837,0.00248837,1607725080,2020-12-11T22:18:00
0.00249789,0.00250512,0.00249789,0.00250512,1607725020,2020-12-11T22:17:00
0.00310098,0.00310098,0.00277302,0.00277302,1607724960,2020-12-11T22:16:00
0.00317057,0.00317057,0.00310981,0.00310981,1607724900,2020-12-11T22:15:00
0.00308008,0.00319519,0.00308008,0.00319519,1607724840,2020-12-11T22:14:00
0.00315609,0.00315609,0.00311301,0.00311301,1607724660,2020-12-11T22:11:00
0.00322328,0.00322328,0.00317557,0.00317557,1607724600,2020-12-11T22:10:00
0.00321741,0.00321741,0.00319941,0.00319941,1607724540,2020-12-11T22:09:00
0.00320225,0.00320225,0.00320225,0.00320225,1607724480,2020-12-11T22:08:00
0.00318321,0.00319374,0.00317536,0.00319374,1607724420,2020-12-11T22:07:00
0.00317903,0.0031908,0.00317903,0.0031908,1607724360,2020-12-11T22:06:00
0.00359466,0.0036011,0.00342262,0.00342262,1607724300,2020-12-11T22:05:00
0.00365542,0.00365542,0.00365542,0.00365542,1607724180,2020-12-11T22:03:00
0.00288025,0.00288025,0.00288025,0.00288025,1607724120,2020-12-11T22:02:00
0.00282613,0.00282613,0.00281259,0.00281952,1607724060,2020-12-11T22:01:00
0.00267372,0.00289999,0.00267372,0.00279004,1607724000,2020-12-11T22:00:00
0.00270222,0.00270222,0.00270222,0.00270222,1607723940,2020-12-11T21:59:00
0.00270138,0.00271545,0.00270138,0.00271545,1607723880,2020-12-11T21:58:00
0.00271034,0.00271034,0.00271034,0.00271034,1607723820,2020-12-11T21:57:00
0.00274444,0.00274444,0.00272651,0.00272651,1607723760,2020-12-11T21:56:00
0.00276325,0.00276325,0.00276325,0.00276325,1607723700,2020-12-11T21:55:00
0.00277528,0.00277761,0.00276262,0.00276262,1607723640,2020-12-11T21:54:00
0.00285769,0.00285769,0.00278445,0.00278445,1607723580,2020-12-11T21:53:00
0.00292193,0.00292193,0.00288354,0.00288354,1607723520,2020-12-11T21:52:00
0.00298544,0.00298544,0.00292539,0.00292539,1607723460,2020-12-11T21:51:00
0.00316178,0.00316178,0.00301534,0.00301873,1607723400,2020-12-11T21:50:00
0.00327511,0.00327511,0.0032086,0.0032086,1607723340,2020-12-11T21:49:00
0.00350412,0.00350412,0.00350412,0.00350412,1607723280,2020-12-11T21:48:00
0.00407771,0.00407771,0.00347941,0.00347941,1607723220,2020-12-11T21:47:00
0.00418674,0.00418674,0.00405395,0.00405395,1607723160,2020-12-11T21:46:00
0.00453524,0.00453524,0.00420495,0.00420495,1607723100,2020-12-11T21:45:00
0.00451683,0.00451835,0.00447699,0.00451835,1607723040,2020-12-11T21:44:00
0.00540789,0.00540789,0.00471339,0.00471339,1607722980,2020-12-11T21:43:00
0.00606456,0.00606456,0.00597491,0.00597491,1607722920,2020-12-11T21:42:00
0.00633954,0.00645662,0.00587716,0.00587716,1607722860,2020-12-11T21:41:00
0.00710448,0.00760612,0.00653816,0.00653816,1607722800,2020-12-11T21:40:00
0.00786257,0.00786257,0.00764914,0.00764914,1607722740,2020-12-11T21:39:00
0.00928796,0.00966972,0.00812794,0.00812794,1607722680,2020-12-11T21:38:00
0.0106539,0.0106539,0.00940828,0.00940828,1607722620,2020-12-11T21:37:00
0.0153788,0.0154631,0.0116349,0.0116349,1607722560,2020-12-11T21:36:00
0.0159607,0.0159607,0.0142938,0.0142938,1607722500,2020-12-11T21:35:00
0.0522645,0.0522645,0.0135675,0.015069,1607722440,2020-12-11T21:34:00
0.0534471,0.0534857,0.0511546,0.0534766,1607722380,2020-12-11T21:33:00
0.0561324,0.0584098,0.0520166,0.0520166,1607722320,2020-12-11T21:32:00
0.0513786,0.0567321,0.0475421,0.054702,1607722260,2020-12-11T21:31:00
0.0541926,0.0541926,0.0517232,0.0517232,1607722200,2020-12-11T21:30:00
0.0489311,0.0580773,0.0489311,0.0515877,1607722140,2020-12-11T21:29:00
0.0473463,0.0473463,0.0455175,0.0455175,1607722080,2020-12-11T21:28:00
0.0427387,0.0477619,0.0410353,0.0449206,1607722020,2020-12-11T21:27:00
0.102756,0.108557,0.043386,0.043386,1607721960,2020-12-11T21:26:00
0.0992952,0.103811,0.0992952,0.103811,1607721900,2020-12-11T21:25:00
0.0952351,0.10018,0.0766707,0.10018,1607721840,2020-12-11T21:24:00
0.0852586,0.0960251,0.0852586,0.0960251,1607721720,2020-12-11T21:22:00
0.0687923,0.074954,0.0661308,0.074954,1607721660,2020-12-11T21:21:00
0.0430586,0.0587238,0.0430586,0.0587238,1607721600,2020-12-11T21:20:00
0.817551,0.817551,0.0374479,0.0417568,1607721540,2020-12-11T21:19:00
0.828734,0.828734,0.799933,0.799933,1607721480,2020-12-11T21:18:00
0.809638,0.824606,0.809638,0.814211,1607721420,2020-12-11T21:17:00
0.805306,0.824008,0.805306,0.824008,1607721360,2020-12-11T21:16:00
0.809639,0.828775,0.79273,0.79273,1607721300,2020-12-11T21:15:00
0.841307,0.87476,0.801116,0.801116,1607721240,2020-12-11T21:14:00
0.888468,0.888468,0.883168,0.883168,1607721180,2020-12-11T21:13:00
0.798887,0.982362,0.798887,0.974356,1607721120,2020-12-11T21:12:00
1.04906,1.04906,0.782305,0.782305,1607721060,2020-12-11T21:11:00
1.20925,1.20925,0.974792,0.974792,1607721000,2020-12-11T21:10:00
1.04769,1.19722,1.04769,1.18124,1607720940,2020-12-11T21:09:00
0.977018,1.10556,0.977018,1.10556,1607720880,2020-12-11T21:08:00
0.81278,0.978922,0.81278,0.978922,1607720820,2020-12-11T21:07:00
0.722574,0.792043,0.712672,0.792043,1607720760,2020-12-11T21:06:00
0.667606,0.743373,0.643052,0.726803,1607720700,2020-12-11T21:05:00
0.944942,0.944942,0.701321,0.701321,1607720640,2020-12-11T21:04:00
1.18495,1.18495,0.964022,0.964022,1607720580,2020-12-11T21:03:00
1.60899,1.60899,1.23884,1.23884,1607720520,2020-12-11T21:02:00
1.78615,1.78615,1.63064,1.63064,1607720460,2020-12-11T21:01:00
1.81247,1.81247,1.79966,1.79966,1607720400,2020-12-11T21:00:00
1.82061,1.85718,1.82061,1.82764,1607720340,2020-12-11T20:59:00
1.82074,1.86994,1.74924,1.74924,1607720280,2020-12-11T20:58:00
1.83627,1.83627,1.78551,1.79292,1607720220,2020-12-11T20:57:00
1.6545,1.81435,1.6545,1.78947,1607720160,2020-12-11T20:56:00
1.79416,1.79416,1.64925,1.64925,1607720100,2020-12-11T20:55:00
1.78571,1.78571,1.77829,1.7802,1607720040,2020-12-11T20:54:00
1.78847,1.80007,1.70503,1.70503,1607719980,2020-12-11T20:53:00
1.80216,1.83448,1.80018,1.80327,1607719920,2020-12-11T20:52:00
1.78189,1.81179,1.76009,1.79969,1607719860,2020-12-11T20:51:00
1.76816,1.79686,1.76816,1.79686,1607719800,2020-12-11T20:50:00
1.81759,1.82391,1.76911,1.76911,1607719740,2020-12-11T20:49:00
1.71571,1.83653,1.71571,1.81409,1607719680,2020-12-11T20:48:00
1.82072,1.90931,1.74578,1.74578,1607719620,2020-12-11T20:47:00
1.68827,1.83236,1.68827,1.83236,1607719560,2020-12-11T20:46:00
1.60737,1.68609,1.60737,1.68609,1607719500,2020-12-11T20:45:00
1.57262,1.58188,1.55091,1.56427,1607719440,2020-12-11T20:44:00
1.60846,1.60846,1.57175,1.57175,1607719380,2020-12-11T20:43:00
1.6504,1.65733,1.60323,1.60323,1607719320,2020-12-11T20:42:00
1.69258,1.69258,1.62804,1.62804,1607719260,2020-12-11T20:41:00
1.69862,1.7056,1.69048,1.69048,1607719200,2020-12-11T20:40:00
1.79203,1.79203,1.75579,1.75579,1607719140,2020-12-11T20:39:00
1.84106,1.84106,1.80773,1.82341,1607719080,2020-12-11T20:38:00
1.83122,1.84839,1.79795,1.79795,1607719020,2020-12-11T20:37:00
1.98597,1.98597,1.8594,1.87615,1607718960,2020-12-11T20:36:00
2.02066,2.0432,2.00216,2.00216,1607718900,2020-12-11T20:35:00
2.08166,2.08166,2.00514,2.00514,1607718840,2020-12-11T20:34:00
2.00215,2.05093,2.00215,2.01727,1607718780,2020-12-11T20:33:00
1.97146,1.99593,1.97146,1.99593,1607718720,2020-12-11T20:32:00
1.89033,1.91564,1.89033,1.91564,1607718660,2020-12-11T20:31:00
1.87943,1.87943,1.87943,1.87943,1607718600,2020-12-11T20:30:00
1.88748,1.8987,1.88216,1.88216,1607718540,2020-12-11T20:29:00
1.89943,1.89943,1.89396,1.89396,1607718480,2020-12-11T20:28:00
1.88052,1.89384,1.88052,1.89384,1607718420,2020-12-11T20:27:00
1.86721,1.88236,1.86721,1.86967,1607718360,2020-12-11T20:26:00
1.88133,1.89838,1.86988,1.86988,1607718300,2020-12-11T20:25:00
1.93257,1.93422,1.88203,1.88203,1607718240,2020-12-11T20:24:00
1.95396,1.95912,1.91747,1.91747,1607718180,2020-12-11T20:23:00
1.92236,1.94749,1.92236,1.94749,1607718120,2020-12-11T20:22:00
1.93445,1.93445,1.9216,1.9216,1607718060,2020-12-11T20:21:00
1.89885,1.92984,1.89885,1.92984,1607718000,2020-12-11T20:20:00
1.8722,1.89648,1.8722,1.89648,1607717940,2020-12-11T20:19:00
1.86525,1.86525,1.86525,1.86525,1607717880,2020-12-11T20:18:00
1.85188,1.85188,1.85188,1.85188,1607717820,2020-12-11T20:17:00
1.83813,1.85933,1.83813,1.85933,1607717760,2020-12-11T20:16:00
1.81737,1.81737,1.81737,1.81737,1607717700,2020-12-11T20:15:00
1.83011,1.83011,1.83011,1.83011,1607717640,2020-12-11T20:14:00
1.77173,1.82381,1.77173,1.82381,1607717580,2020-12-11T20:13:00
1.76767,1.76767,1.76019,1.76019,1607717520,2020-12-11T20:12:00
1.7515,1.7571,1.73892,1.7571,1607717460,2020-12-11T20:11:00
1.79911,1.79911,1.79911,1.79911,1607717400,2020-12-11T20:10:00
1.82699,1.82699,1.78604,1.78604,1607717340,2020-12-11T20:09:00
1.78086,1.82418,1.78086,1.82418,1607717280,2020-12-11T20:08:00
1.78354,1.78354,1.77233,1.77906,1607717220,2020-12-11T20:07:00
1.78286,1.79726,1.78286,1.79599,1607717160,2020-12-11T20:06:00
1.77421,1.78702,1.77421,1.78702,1607717100,2020-12-11T20:05:00
1.77759,1.77759,1.76362,1.76362,1607717040,2020-12-11T20:04:00
1.86997,1.86997,1.76376,1.76376,1607716980,2020-12-11T20:03:00
1.857,1.86761,1.857,1.86761,1607716920,2020-12-11T20:02:00
1.86978,1.87112,1.86978,1.87112,1607716860,2020-12-11T20:01:00
1.76782,1.76782,1.76782,1.76782,1607716800,2020-12-11T20:00:00
1.72038,1.74204,1.72038,1.74204,1607716740,2020-12-11T19:59:00
1.72219,1.72701,1.71752,1.72026,1607716680,2020-12-11T19:58:00
1.78642,1.78642,1.70325,1.70325,1607716560,2020-12-11T19:56:00
1.83143,1.83143,1.80697,1.80697,1607716500,2020-12-11T19:55:00
1.72535,1.72535,1.70258,1.70258,1607716380,2020-12-11T19:53:00
1.7128,1.72431,1.7128,1.72431,1607716320,2020-12-11T19:52:00
1.71405,1.73172,1.71405,1.71605,1607716260,2020-12-11T19:51:00
1.71847,1.71847,1.71847,1.71847,1607716200,2020-12-11T19:50:00
1.73128,1.73128,1.72966,1.72966,1607716140,2020-12-11T19:49:00
1.71337,1.71337,1.70148,1.70148,1607716080,2020-12-11T19:48:00
1.70255,1.70984,1.69478,1.70512,1607716020,2020-12-11T19:47:00
1.69579,1.69579,1.68519,1.68519,1607715960,2020-12-11T19:46:00
1.69425,1.69623,1.694,1.694,1607715900,2020-12-11T19:45:00
1.68409,1.68409,1.68409,1.68409,1607715840,2020-12-11T19:44:00
1.69166,1.69166,1.69166,1.69166,1607715780,2020-12-11T19:43:00
1.7037,1.7037,1.7037,1.7037,1607715720,2020-12-11T19:42:00
1.68796,1.68796,1.68796,1.68796,1607715660,2020-12-11T19:41:00
1.68928,1.68928,1.68928,1.68928,1607715600,2020-12-11T19:40:00
1.68555,1.68621,1.68555,1.68621,1607715540,2020-12-11T19:39:00
1.6875,1.69793,1.68161,1.68161,1607715480,2020-12-11T19:38:00
1.68878,1.68878,1.68854,1.68854,1607715420,2020-12-11T19:37:00
1.6729,1.6729,1.6729,1.6729,1607715360,2020-12-11T19:36:00
1.63897,1.63897,1.63897,1.63897,1607715300,2020-12-11T19:35:00
1.64585,1.64585,1.64585,1.64585,1607715240,2020-12-11T19:34:00
1.64363,1.64363,1.63492,1.63492,1607715180,2020-12-11T19:33:00
1.64586,1.64586,1.64586,1.64586,1607715120,2020-12-11T19:32:00
1.64771,1.65565,1.64771,1.65565,1607715060,2020-12-11T19:31:00
1.66464,1.67249,1.65847,1.66755,1607715000,2020-12-11T19:30:00
1.67479,1.67479,1.67479,1.67479,1607714940,2020-12-11T19:29:00
1.69824,1.69824,1.68973,1.68973,1607714880,2020-12-11T19:28:00
1.70758,1.70758,1.70758,1.70758,1607714820,2020-12-11T19:27:00
1.66177,1.71689,1.65608,1.71689,1607714760,2020-12-11T19:26:00
1.66619,1.66619,1.66619,1.66619,1607714700,2020-12-11T19:25:00
1.67409,1.67409,1.64421,1.65621,1607714640,2020-12-11T19:24:00
1.71243,1.71243,1.71243,1.71243,1607714580,2020-12-11T19:23:00
1.64326,1.66912,1.64326,1.66912,1607714520,2020-12-11T19:22:00
1.62719,1.63898,1.62719,1.63898,1607714460,2020-12-11T19:21:00
1.62672,1.62672,1.62672,1.62672,1607714400,2020-12-11T19:20:00
1.58421,1.59207,1.58421,1.59145,1607714340,2020-12-11T19:19:00
1.56648,1.57212,1.56648,1.57198,1607714280,2020-12-11T19:18:00
1.57408,1.57748,1.57408,1.57748,1607714220,2020-12-11T19:17:00
1.5653,1.5653,1.5653,1.5653,1607714160,2020-12-11T19:16:00
1.52142,1.5758,1.52142,1.5758,1607714100,2020-12-11T19:15:00
1.5271,1.5271,1.5189,1.52499,1607714040,2020-12-11T19:14:00
1.52163,1.52698,1.516,1.52292,1607713980,2020-12-11T19:13:00
1.56154,1.56154,1.52244,1.52244,1607713920,2020-12-11T19:12:00
1.56032,1.56032,1.55763,1.55763,1607713860,2020-12-11T19:11:00
1.5963,1.5963,1.55109,1.56081,1607713800,2020-12-11T19:10:00
1.60331,1.60331,1.60331,1.60331,1607713740,2020-12-11T19:09:00
1.5773,1.60133,1.5773,1.60133,1607713680,2020-12-11T19:08:00
1.60149,1.60149,1.58476,1.58476,1607713620,2020-12-11T19:07:00
1.54796,1.61372,1.54796,1.61372,1607713560,2020-12-11T19:06:00
1.48511,1.50969,1.48511,1.50969,1607713500,2020-12-11T19:05:00
1.6593,1.6593,1.65272,1.65272,1607713440,2020-12-11T19:04:00
1.65498,1.67633,1.65498,1.67633,1607713380,2020-12-11T19:03:00
1.65681,1.66232,1.65681,1.66232,1607713320,2020-12-11T19:02:00
1.64485,1.6488,1.64485,1.6488,1607713260,2020-12-11T19:01:00
1.63845,1.63845,1.63845,1.63845,1607713200,2020-12-11T19:00:00
1.624,1.63908,1.61954,1.63908,1607713140,2020-12-11T18:59:00
1.62876,1.6427,1.62876,1.6427,1607713080,2020-12-11T18:58:00
1.62679,1.63175,1.58924,1.59065,1607713020,2020-12-11T18:57:00
1.63808,1.65965,1.61783,1.61783,1607712960,2020-12-11T18:56:00
1.66146,1.66146,1.66146,1.66146,1607712900,2020-12-11T18:55:00
1.6594,1.6594,1.6594,1.6594,1607712840,2020-12-11T18:54:00
1.64939,1.65747,1.64915,1.65747,1607712780,2020-12-11T18:53:00
1.65913,1.65913,1.63614,1.6491,1607712720,2020-12-11T18:52:00
1.65707,1.65707,1.65707,1.65707,1607712600,2020-12-11T18:50:00
1.65137,1.65137,1.64601,1.64601,1607712540,2020-12-11T18:49:00
1.64039,1.6487,1.64039,1.6487,1607712480,2020-12-11T18:48:00
1.6394,1.64162,1.62671,1.62671,1607712420,2020-12-11T18:47:00
1.66532,1.66532,1.6331,1.6331,1607712360,2020-12-11T18:46:00
1.71498,1.71498,1.65895,1.65934,1607712300,2020-12-11T18:45:00
1.70177,1.71336,1.70177,1.71336,1607712240,2020-12-11T18:44:00
1.72267,1.72267,1.70397,1.70397,1607712180,2020-12-11T18:43:00
1.71866,1.72392,1.71198,1.72392,1607712120,2020-12-11T18:42:00
1.74919,1.75901,1.69915,1.69915,1607712060,2020-12-11T18:41:00
1.73958,1.74038,1.73958,1.74038,1607711940,2020-12-11T18:39:00
1.72591,1.79126,1.72591,1.73819,1607711880,2020-12-11T18:38:00
1.72304,1.74333,1.72304,1.72512,1607711820,2020-12-11T18:37:00
1.79735,1.79735,1.72285,1.72285,1607711760,2020-12-11T18:36:00
1.78363,1.79439,1.78363,1.79439,1607711700,2020-12-11T18:35:00
1.75596,1.7666,1.75596,1.7666,1607711640,2020-12-11T18:34:00
1.73167,1.73903,1.73167,1.73903,1607711580,2020-12-11T18:33:00
1.72773,1.72773,1.70027,1.70027,1607711520,2020-12-11T18:32:00
1.79239,1.79239,1.78379,1.78379,1607711400,2020-12-11T18:30:00
1.75508,1.76526,1.75508,1.76526,1607711340,2020-12-11T18:29:00
1.74165,1.77166,1.72582,1.77166,1607711280,2020-12-11T18:28:00
1.78316,1.78316,1.73101,1.73101,1607711220,2020-12-11T18:27:00
1.81116,1.81263,1.78242,1.78617,1607711160,2020-12-11T18:26:00
1.82533,1.82995,1.82107,1.82968,1607711100,2020-12-11T18:25:00
1.85803,1.85803,1.83462,1.83462,1607710980,2020-12-11T18:23:00
1.83193,1.85515,1.83166,1.83166,1607710920,2020-12-11T18:22:00
1.81911,1.82998,1.81911,1.82998,1607710860,2020-12-11T18:21:00
1.78712,1.82609,1.78712,1.80939,1607710800,2020-12-11T18:20:00
1.78132,1.79626,1.78132,1.79511,1607710740,2020-12-11T18:19:00
1.76949,1.77166,1.76949,1.77166,1607710680,2020-12-11T18:18:00
1.73146,1.75193,1.73146,1.75193,1607710620,2020-12-11T18:17:00
1.70069,1.7356,1.70069,1.7356,1607710560,2020-12-11T18:16:00
1.69953,1.70223,1.69953,1.70223,1607710500,2020-12-11T18:15:00
1.70217,1.70217,1.69563,1.69563,1607710440,2020-12-11T18:14:00
1.67895,1.68412,1.67895,1.68412,1607710380,2020-12-11T18:13:00
1.64736,1.7368,1.64736,1.70509,1607710320,2020-12-11T18:12:00
1.69906,1.69906,1.65253,1.65253,1607710260,2020-12-11T18:11:00
1.69217,1.71466,1.69217,1.71466,1607710200,2020-12-11T18:10:00
1.72278,1.72278,1.72278,1.72278,1607710140,2020-12-11T18:09:00
1.71576,1.72369,1.71576,1.72278,1607710080,2020-12-11T18:08:00
1.73541,1.73541,1.73337,1.73337,1607710020,2020-12-11T18:07:00
1.79443,1.79443,1.73582,1.77371,1607709960,2020-12-11T18:06:00
1.78838,1.78973,1.78424,1.78424,1607709900,2020-12-11T18:05:00
1.74357,1.81709,1.74357,1.81709,1607709840,2020-12-11T18:04:00
1.65997,1.83742,1.65997,1.83742,1607709780,2020-12-11T18:03:00
1.57849,1.67627,1.57849,1.65344,1607709720,2020-12-11T18:02:00
1.57222,1.60457,1.57222,1.60457,1607709660,2020-12-11T18:01:00
1.68885,1.68885,1.54729,1.54729,1607709600,2020-12-11T18:00:00
1.76668,1.76668,1.76668,1.76668,1607709540,2020-12-11T17:59:00
1.84742,1.84742,1.79163,1.79163,1607709480,2020-12-11T17:58:00
1.75558,1.82644,1.75558,1.82644,1607709420,2020-12-11T17:57:00
1.6937,1.6937,1.6937,1.6937,1607709360,2020-12-11T17:56:00
1.72687,1.72687,1.72687,1.72687,1607709300,2020-12-11T17:55:00
1.73811,1.73811,1.73811,1.73811,1607709240,2020-12-11T17:54:00
1.7409,1.7409,1.7279,1.7279,1607709180,2020-12-11T17:53:00
1.72942,1.79727,1.72942,1.78139,1607709120,2020-12-11T17:52:00
1.70519,1.71339,1.70519,1.71339,1607709060,2020-12-11T17:51:00
1.6436,1.69494,1.6436,1.69494,1607709000,2020-12-11T17:50:00
1.59278,1.61697,1.58632,1.61697,1607708880,2020-12-11T17:48:00
1.64369,1.64369,1.63211,1.63949,1607708820,2020-12-11T17:47:00
1.68536,1.68536,1.64667,1.64667,1607708760,2020-12-11T17:46:00
1.73146,1.75362,1.73146,1.75362,1607708700,2020-12-11T17:45:00
1.77275,1.77275,1.7481,1.7481,1607708640,2020-12-11T17:44:00
1.80424,1.80424,1.78463,1.78463,1607708580,2020-12-11T17:43:00
1.77703,1.77936,1.77703,1.77936,1607708520,2020-12-11T17:42:00
1.74148,1.76465,1.74148,1.76465,1607708460,2020-12-11T17:41:00
1.7776,1.77949,1.65536,1.77949,1607708400,2020-12-11T17:40:00
1.72453,1.72877,1.72437,1.72877,1607708340,2020-12-11T17:39:00
1.76881,1.7715,1.72116,1.72116,1607708280,2020-12-11T17:38:00
1.74365,1.75821,1.74221,1.75821,1607708220,2020-12-11T17:37:00
1.64981,1.76263,1.64981,1.76263,1607708160,2020-12-11T17:36:00
1.64641,1.64908,1.64641,1.64908,1607708100,2020-12-11T17:35:00
1.63957,1.64563,1.63316,1.64563,1607708040,2020-12-11T17:34:00
1.63407,1.65912,1.63407,1.65912,1607707980,2020-12-11T17:33:00
1.60321,1.62254,1.60321,1.62254,1607707920,2020-12-11T17:32:00
1.62072,1.62072,1.59789,1.59789,1607707860,2020-12-11T17:31:00
1.56257,1.59267,1.56257,1.59267,1607707800,2020-12-11T17:30:00
1.56108,1.56108,1.56108,1.56108,1607707740,2020-12-11T17:29:00
1.54912,1.56775,1.54912,1.55903,1607707680,2020-12-11T17:28:00
1.56447,1.56615,1.54977,1.54977,1607707620,2020-12-11T17:27:00
1.59703,1.59703,1.55808,1.55808,1607707560,2020-12-11T17:26:00
1.59142,1.59142,1.59142,1.59142,1607707500,2020-12-11T17:25:00
1.61531,1.61542,1.59765,1.59765,1607707440,2020-12-11T17:24:00
1.65724,1.65724,1.59768,1.59768,1607707380,2020-12-11T17:23:00
1.65238,1.65238,1.65238,1.65238,1607707320,2020-12-11T17:22:00
1.68748,1.71488,1.66737,1.66737,1607707260,2020-12-11T17:21:00
1.6781,1.69394,1.6781,1.69394,1607707200,2020-12-11T17:20:00
1.64835,1.65441,1.64835,1.65441,1607707140,2020-12-11T17:19:00
1.59847,1.6129,1.59847,1.6129,1607707080,2020-12-11T17:18:00
1.53134,1.60399,1.504,1.60399,1607707020,2020-12-11T17:17:00
1.54536,1.54536,1.49841,1.49841,1607706960,2020-12-11T17:16:00
1.64665,1.64665,1.54299,1.54299,1607706900,2020-12-11T17:15:00
1.59582,1.6683,1.59203,1.6683,1607706840,2020-12-11T17:14:00
1.60159,1.61208,1.60159,1.61208,1607706780,2020-12-11T17:13:00
1.63247,1.68967,1.63247,1.67246,1607706720,2020-12-11T17:12:00
1.65462,1.65462,1.63673,1.63694,1607706660,2020-12-11T17:11:00
1.67261,1.67913,1.66104,1.66104,1607706600,2020-12-11T17:10:00
1.68828,1.68828,1.65754,1.65754,1607706540,2020-12-11T17:09:00
1.76888,1.76888,1.68408,1.68408,1607706480,2020-12-11T17:08:00
1.69291,1.72207,1.69291,1.72207,1607706420,2020-12-11T17:07:00
1.6725,1.68601,1.6725,1.68601,1607706360,2020-12-11T17:06:00
1.60343,1.66342,1.60343,1.65599,1607706300,2020-12-11T17:05:00
1.65997,1.66172,1.61066,1.61066,1607706240,2020-12-11T17:04:00
1.71072,1.71072,1.66473,1.66473,1607706180,2020-12-11T17:03:00
1.75673,1.75673,1.74874,1.74874,1607706120,2020-12-11T17:02:00
1.79763,1.79913,1.79542,1.79542,1607706060,2020-12-11T17:01:00
1.78661,1.79808,1.76514,1.79808,1607706000,2020-12-11T17:00:00
1.77065,1.77065,1.7073,1.76981,1607705940,2020-12-11T16:59:00
1.63079,1.75121,1.63079,1.75121,1607705880,2020-12-11T16:58:00
1.62237,1.62237,1.62157,1.62157,1607705820,2020-12-11T16:57:00
1.64906,1.64906,1.6077,1.64026,1607705760,2020-12-11T16:56:00
1.59371,1.59371,1.53711,1.54081,1607705700,2020-12-11T16:55:00
1.49896,1.56479,1.49896,1.56479,1607705640,2020-12-11T16:54:00
1.49839,1.50431,1.49839,1.50431,1607705580,2020-12-11T16:53:00
1.453,1.4928,1.453,1.4928,1607705520,2020-12-11T16:52:00
1.49442,1.49948,1.49139,1.49139,1607705460,2020-12-11T16:51:00
1.4765,1.5158,1.4765,1.5158,1607705400,2020-12-11T16:50:00
1.43421,1.45979,1.43421,1.45979,1607705340,2020-12-11T16:49:00
1.37619,1.41625,1.37619,1.41625,1607705280,2020-12-11T16:48:00
1.42682,1.42682,1.38875,1.38875,1607705220,2020-12-11T16:47:00
1.49082,1.49082,1.48017,1.48017,1607705160,2020-12-11T16:46:00
1.47753,1.49647,1.47753,1.48229,1607705100,2020-12-11T16:45:00
1.50224,1.51278,1.50224,1.51278,1607705040,2020-12-11T16:44:00
1.4501,1.4501,1.4501,1.4501,1607704980,2020-12-11T16:43:00
1.35165,1.42682,1.35165,1.42682,1607704920,2020-12-11T16:42:00
1.34139,1.35578,1.33211,1.35578,1607704860,2020-12-11T16:41:00
1.30922,1.33377,1.30922,1.33377,1607704800,2020-12-11T16:40:00
1.29481,1.30275,1.29481,1.30275,1607704740,2020-12-11T16:39:00
1.27413,1.29663,1.27413,1.29555,1607704680,2020-12-11T16:38:00
1.26734,1.27487,1.26189,1.26261,1607704620,2020-12-11T16:37:00
1.2873,1.2873,1.28171,1.28171,1607704560,2020-12-11T16:36:00
1.34131,1.34131,1.28606,1.28606,1607704500,2020-12-11T16:35:00
1.34081,1.36027,1.31933,1.31933,1607704440,2020-12-11T16:34:00
1.35435,1.35435,1.3516,1.3516,1607704380,2020-12-11T16:33:00
1.34402,1.35959,1.34402,1.35959,1607704320,2020-12-11T16:32:00
1.33471,1.35198,1.33471,1.35198,1607704260,2020-12-11T16:31:00
1.42035,1.42035,1.39252,1.39252,1607704200,2020-12-11T16:30:00
1.3651,1.3651,1.29281,1.29281,1607704140,2020-12-11T16:29:00
1.40573,1.40573,1.38391,1.39018,1607704080,2020-12-11T16:28:00
1.37197,1.39974,1.37197,1.39974,1607704020,2020-12-11T16:27:00
1.36813,1.3886,1.36813,1.38492,1607703960,2020-12-11T16:26:00
1.31333,1.3345,1.31333,1.3345,1607703900,2020-12-11T16:25:00
1.24007,1.30779,1.24007,1.30779,1607703840,2020-12-11T16:24:00
1.22744,1.23545,1.22744,1.23545,1607703780,2020-12-11T16:23:00
1.17935,1.2105,1.15975,1.2105,1607703720,2020-12-11T16:22:00
1.17704,1.18094,1.17298,1.17298,1607703660,2020-12-11T16:21:00
1.17232,1.17417,1.16846,1.17417,1607703600,2020-12-11T16:20:00
1.14252,1.1643,1.14252,1.1643,1607703480,2020-12-11T16:18:00
1.13071,1.13071,1.13071,1.13071,1607703420,2020-12-11T16:17:00
1.06373,1.13298,1.06373,1.13298,1607703360,2020-12-11T16:16:00
1.09271,1.09271,1.08334,1.08334,1607703300,2020-12-11T16:15:00
1.06159,1.07132,1.06159,1.07132,1607703240,2020-12-11T16:14:00
1.04185,1.05635,1.04185,1.05635,1607703180,2020-12-11T16:13:00
1.04848,1.04848,1.04848,1.04848,1607703120,2020-12-11T16:12:00
1.05609,1.05609,1.04529,1.05219,1607703060,2020-12-11T16:11:00
1.07911,1.07911,1.07911,1.07911,1607703000,2020-12-11T16:10:00
1.02678,1.02678,1.02678,1.02678,1607702940,2020-12-11T16:09:00
1.01588,1.02859,1.01588,1.02859,1607702820,2020-12-11T16:07:00
1.00779,1.00779,1.00779,1.00779,1607702760,2020-12-11T16:06:00
1.00756,1.00756,1.00231,1.00231,1607702640,2020-12-11T16:04:00
1.02205,1.02205,0.998959,0.999339,1607702580,2020-12-11T16:03:00
1.01201,1.01201,1.01201,1.01201,1607702520,2020-12-11T16:02:00
1.01277,1.01277,1.01277,1.01277,1607702460,2020-12-11T16:01:00
1.0253,1.0253,1.0253,1.0253,1607702400,2020-12-11T16:00:00
1.03279,1.03279,1.02566,1.02566,1607702280,2020-12-11T15:58:00
1.0389,1.0389,1.0389,1.0389,1607702220,2020-12-11T15:57:00
1.03551,1.03551,1.03551,1.03551,1607702160,2020-12-11T15:56:00
1.04155,1.04155,1.03836,1.03836,1607702100,2020-12-11T15:55:00
1.03047,1.03047,1.03047,1.03047,1607702040,2020-12-11T15:54:00
1.03043,1.03497,1.03043,1.03497,1607701980,2020-12-11T15:53:00
1.02203,1.02805,1.02203,1.02805,1607701920,2020-12-11T15:52:00
1.00502,1.02615,1.00502,1.02615,1607701860,2020-12-11T15:51:00
1.01191,1.01191,1.00557,1.00992,1607701800,2020-12-11T15:50:00
1.01971,1.01971,1.01971,1.01971,1607701740,2020-12-11T15:49:00
1.04731,1.04731,1.01319,1.01319,1607701680,2020-12-11T15:48:00
1.03831,1.03831,1.02926,1.02926,1607701560,2020-12-11T15:46:00
1.04576,1.04576,1.03729,1.03729,1607701500,2020-12-11T15:45:00
1.05329,1.05329,1.05329,1.05329,1607701440,2020-12-11T15:44:00
1.05529,1.05738,1.04513,1.05034,1607701380,2020-12-11T15:43:00
1.06307,1.06307,1.0521,1.0521,1607701320,2020-12-11T15:42:00
1.02485,1.06223,1.02485,1.05493,1607701260,2020-12-11T15:41:00
1.05126,1.05126,1.02526,1.02526,1607701200,2020-12-11T15:40:00
1.06422,1.06422,1.02674,1.02674,1607701140,2020-12-11T15:39:00
1.07546,1.07546,1.06674,1.06674,1607701080,2020-12-11T15:38:00
1.07858,1.08259,1.07377,1.08259,1607701020,2020-12-11T15:37:00
1.06752,1.07653,1.06752,1.06925,1607700960,2020-12-11T15:36:00
1.07779,1.07779,1.06799,1.07417,1607700900,2020-12-11T15:35:00
1.06173,1.06482,1.06046,1.06046,1607700840,2020-12-11T15:34:00
1.03827,1.05082,1.03827,1.05082,1607700720,2020-12-11T15:32:00
1.03603,1.03646,1.02923,1.02923,1607700660,2020-12-11T15:31:00
1.02226,1.02966,1.02226,1.02966,1607700600,2020-12-11T15:30:00
1.01062,1.01062,1.01062,1.01062,1607700540,2020-12-11T15:29:00
0.983751,0.993833,0.983751,0.993534,1607700480,2020-12-11T15:28:00
0.970316,0.98424,0.970316,0.979609,1607700420,2020-12-11T15:27:00
0.964787,0.964787,0.964787,0.964787,1607700360,2020-12-11T15:26:00
0.925601,0.931922,0.925601,0.931922,1607700300,2020-12-11T15:25:00
0.918981,0.925748,0.918981,0.925748,1607700240,2020-12-11T15:24:00
0.955388,0.955388,0.921754,0.921754,1607700180,2020-12-11T15:23:00
0.982208,0.982208,0.982208,0.982208,1607700120,2020-12-11T15:22:00
0.996716,0.996716,0.984207,0.984207,1607700060,2020-12-11T15:21:00
1.00896,1.00896,1.00213,1.00703,1607700000,2020-12-11T15:20:00
1.0192,1.0192,1.00955,1.00955,1607699940,2020-12-11T15:19:00
0.997861,1.01568,0.997861,1.01568,1607699820,2020-12-11T15:17:00
1.01988,1.01988,1.0074,1.0074,1607699760,2020-12-11T15:16:00
1.01397,1.01397,1.00546,1.00546,1607699700,2020-12-11T15:15:00
1.00707,1.01935,1.00707,1.01935,1607699640,2020-12-11T15:14:00
1.00296,1.01033,1.00296,1.00421,1607699580,2020-12-11T15:13:00
1.01874,1.03611,1.0143,1.0143,1607699520,2020-12-11T15:12:00
0.991148,0.991148,0.991148,0.991148,1607699460,2020-12-11T15:11:00
0.963084,0.993319,0.963084,0.986472,1607699400,2020-12-11T15:10:00
0.946021,0.9824,0.946021,0.959541,1607699340,2020-12-11T15:09:00
1.01724,1.02718,0.937378,0.937378,1607699280,2020-12-11T15:08:00
1.01386,1.01921,1.01093,1.01921,1607699220,2020-12-11T15:07:00
0.949076,1.00909,0.949076,1.00909,1607699160,2020-12-11T15:06:00
0.94909,0.94909,0.942304,0.9469,1607699100,2020-12-11T15:05:00
0.944329,0.944329,0.944329,0.944329,1607699040,2020-12-11T15:04:00
0.905591,0.93828,0.905591,0.93828,1607698980,2020-12-11T15:03:00
0.888876,1.14841,0.888876,1.02019,1607698920,2020-12-11T15:02:00
0.879159,0.885747,0.879159,0.885747,1607698860,2020-12-11T15:01:00
0.887423,0.887423,0.879507,0.879507,1607698800,2020-12-11T15:00:00
0.872841,0.888841,0.872841,0.888841,1607698740,2020-12-11T14:59:00
0.869909,0.874803,0.869909,0.874803,1607698680,2020-12-11T14:58:00
0.859445,0.877203,0.855133,0.877203,1607698620,2020-12-11T14:57:00
0.865577,0.865577,0.865577,0.865577,1607698560,2020-12-11T14:56:00
0.888876,0.888876,0.879409,0.879409,1607698500,2020-12-11T14:55:00
0.917776,0.917776,0.896954,0.896954,1607698440,2020-12-11T14:54:00
0.952903,0.952903,0.935156,0.935156,1607698380,2020-12-11T14:53:00
0.947882,0.947882,0.944762,0.944762,1607698320,2020-12-11T14:52:00
0.904259,0.937878,0.897946,0.937878,1607698260,2020-12-11T14:51:00
0.899656,0.899656,0.899656,0.899656,1607698200,2020-12-11T14:50:00
0.851454,0.859764,0.844142,0.859764,1607698140,2020-12-11T14:49:00
0.842825,0.872169,0.84226,0.872169,1607698080,2020-12-11T14:48:00
0.811428,0.83801,0.811428,0.83801,1607698020,2020-12-11T14:47:00
0.821378,0.821378,0.804897,0.809537,1607697960,2020-12-11T14:46:00
0.778671,0.782132,0.778671,0.782132,1607697900,2020-12-11T14:45:00
0.774899,0.778167,0.774899,0.778167,1607697840,2020-12-11T14:44:00
0.770208,0.770208,0.770208,0.770208,1607697780,2020-12-11T14:43:00
0.766802,0.766802,0.764027,0.764027,1607697720,2020-12-11T14:42:00
0.747818,0.757238,0.747818,0.757238,1607697660,2020-12-11T14:41:00
0.749125,0.749125,0.749125,0.749125,1607697600,2020-12-11T14:40:00
0.750784,0.753241,0.746403,0.753241,1607697540,2020-12-11T14:39:00
0.741822,0.758115,0.741822,0.758115,1607697480,2020-12-11T14:38:00
0.748083,0.748083,0.748083,0.748083,1607697420,2020-12-11T14:37:00
0.747091,0.747091,0.747091,0.747091,1607697360,2020-12-11T14:36:00
0.755299,0.755299,0.755299,0.755299,1607697300,2020-12-11T14:35:00
0.751299,0.751299,0.751299,0.751299,1607697240,2020-12-11T14:34:00
0.752383,0.757027,0.752383,0.757027,1607697180,2020-12-11T14:33:00
0.759458,0.759458,0.754567,0.754567,1607697120,2020-12-11T14:32:00
0.742455,0.783362,0.737407,0.754672,1607697060,2020-12-11T14:31:00
0.740249,0.740249,0.740249,0.740249,1607697000,2020-12-11T14:30:00
0.751382,0.751382,0.751382,0.751382,1607696880,2020-12-11T14:28:00
0.756008,0.76199,0.756008,0.76199,1607696820,2020-12-11T14:27:00
0.767229,0.767229,0.759264,0.760456,1607696760,2020-12-11T14:26:00
0.721278,0.777396,0.721278,0.777396,1607696640,2020-12-11T14:24:00
0.718752,0.737565,0.711777,0.737565,1607696580,2020-12-11T14:23:00
0.714956,0.718554,0.713905,0.713905,1607696520,2020-12-11T14:22:00
0.71322,0.71322,0.712786,0.712786,1607696460,2020-12-11T14:21:00
0.724293,0.724293,0.724293,0.724293,1607696400,2020-12-11T14:20:00
0.72953,0.72953,0.72953,0.72953,1607696340,2020-12-11T14:19:00
0.735002,0.735002,0.73195,0.73195,1607696280,2020-12-11T14:18:00
0.73884,0.73884,0.73884,0.73884,1607696220,2020-12-11T14:17:00
0.7525,0.7525,0.745348,0.745348,1607696160,2020-12-11T14:16:00
0.756458,0.756458,0.756458,0.756458,1607695980,2020-12-11T14:13:00
0.755987,0.755987,0.752411,0.752411,1607695860,2020-12-11T14:11:00
0.75095,0.758255,0.75095,0.758255,1607695800,2020-12-11T14:10:00
0.756676,0.756676,0.756676,0.756676,1607695680,2020-12-11T14:08:00
0.76766,0.76766,0.76766,0.76766,1607695620,2020-12-11T14:07:00
0.780575,0.780575,0.772081,0.772081,1607695560,2020-12-11T14:06:00
0.765498,0.765498,0.765498,0.765498,1607695440,2020-12-11T14:04:00
0.751829,0.751829,0.749909,0.749909,1607695380,2020-12-11T14:03:00
0.754364,0.754364,0.747684,0.747684,1607695260,2020-12-11T14:01:00
0.763158,0.763158,0.757077,0.757077,1607695200,2020-12-11T14:00:00
0.752222,0.770254,0.752222,0.770254,1607695020,2020-12-11T13:57:00
0.753998,0.753998,0.753998,0.753998,1607694960,2020-12-11T13:56:00
0.758426,0.758426,0.758426,0.758426,1607694900,2020-12-11T13:55:00
0.753152,0.753152,0.753152,0.753152,1607694780,2020-12-11T13:53:00
0.763268,0.763268,0.75879,0.75879,1607694660,2020-12-11T13:51:00
0.772948,0.772948,0.76745,0.76745,1607694600,2020-12-11T13:50:00
0.76702,0.76702,0.76702,0.76702,1607694540,2020-12-11T13:49:00
0.768499,0.768499,0.768499,0.768499,1607694480,2020-12-11T13:48:00
0.771435,0.771435,0.771435,0.771435,1607694420,2020-12-11T13:47:00
0.772947,0.772947,0.772947,0.772947,1607694360,2020-12-11T13:46:00
0.778002,0.778002,0.778002,0.778002,1607694240,2020-12-11T13:44:00
0.794564,0.794564,0.7732,0.7732,1607694120,2020-12-11T13:42:00
0.800838,0.800838,0.800838,0.800838,1607693940,2020-12-11T13:39:00
0.798281,0.798281,0.798281,0.798281,1607693760,2020-12-11T13:36:00
0.795341,0.796486,0.795341,0.796486,1607693700,2020-12-11T13:35:00
0.796129,0.796129,0.796129,0.796129,1607693640,2020-12-11T13:34:00
0.800838,0.800838,0.800838,0.800838,1607693580,2020-12-11T13:33:00
0.798072,0.799652,0.798072,0.799652,1607693460,2020-12-11T13:31:00
0.794028,0.794028,0.794028,0.794028,1607693400,2020-12-11T13:30:00
0.794858,0.798685,0.794858,0.798685,1607693220,2020-12-11T13:27:00
0.809037,0.809037,0.809037,0.809037,1607693160,2020-12-11T13:26:00
0.802383,0.822751,0.802383,0.822751,1607693040,2020-12-11T13:24:00
0.794196,0.794196,0.794196,0.794196,1607692980,2020-12-11T13:23:00
0.783935,0.788122,0.783935,0.788122,1607692620,2020-12-11T13:17:00
0.781838,0.781838,0.781838,0.781838,1607692440,2020-12-11T13:14:00
0.771074,0.77757,0.771074,0.77757,1607692380,2020-12-11T13:13:00
0.77526,0.77526,0.773075,0.773075,1607692320,2020-12-11T13:12:00
0.777306,0.777306,0.775907,0.775907,1607692200,2020-12-11T13:10:00
0.782308,0.782308,0.782308,0.782308,1607692080,2020-12-11T13:08:00
0.777285,0.777285,0.777285,0.777285,1607691960,2020-12-11T13:06:00
0.784571,0.784571,0.784571,0.784571,1607691900,2020-12-11T13:05:00
0.79209,0.798018,0.770539,0.770539,1607691540,2020-12-11T12:59:00
0.786524,0.786524,0.785882,0.785882,1607691480,2020-12-11T12:58:00
0.766,0.782267,0.766,0.782267,1607691360,2020-12-11T12:56:00
0.751918,0.760495,0.751918,0.760495,1607691300,2020-12-11T12:55:00
0.72164,0.728118,0.72164,0.728118,1607691240,2020-12-11T12:54:00
0.718029,0.718029,0.718029,0.718029,1607691180,2020-12-11T12:53:00
0.77195,0.776998,0.77195,0.776998,1607691120,2020-12-11T12:52:00
0.825269,0.825269,0.825269,0.825269,1607691060,2020-12-11T12:51:00
0.825159,0.825159,0.825159,0.825159,1607691000,2020-12-11T12:50:00
0.834944,0.834944,0.832474,0.832474,1607690820,2020-12-11T12:47:00
0.818918,0.83843,0.818918,0.83843,1607690760,2020-12-11T12:46:00
0.828712,0.828712,0.828712,0.828712,1607690640,2020-12-11T12:44:00
0.824214,0.826312,0.824214,0.826312,1607690580,2020-12-11T12:43:00
0.831509,0.831509,0.831509,0.831509,1607690520,2020-12-11T12:42:00
0.823529,0.826293,0.823529,0.826293,1607690460,2020-12-11T12:41:00
0.819831,0.819831,0.816791,0.816791,1607690400,2020-12-11T12:40:00
0.836926,0.836926,0.826711,0.826711,1607690340,2020-12-11T12:39:00
0.834965,0.834965,0.832984,0.832984,1607690280,2020-12-11T12:38:00
0.840832,0.840832,0.840832,0.840832,1607690220,2020-12-11T12:37:00
0.84522,0.850668,0.84522,0.850668,1607690160,2020-12-11T12:36:00
0.823712,0.839752,0.823712,0.839752,1607690100,2020-12-11T12:35:00
0.820442,0.820442,0.820442,0.820442,1607690040,2020-12-11T12:34:00
0.816108,0.818929,0.816108,0.818929,1607689980,2020-12-11T12:33:00
0.81394,0.81394,0.81394,0.81394,1607689920,2020-12-11T12:32:00
0.811624,0.811624,0.811624,0.811624,1607689860,2020-12-11T12:31:00
0.790591,0.810606,0.790591,0.810606,1607689800,2020-12-11T12:30:00
0.784215,0.786668,0.784215,0.786668,1607689740,2020-12-11T12:29:00
0.772741,0.776919,0.772741,0.776919,1607689680,2020-12-11T12:28:00
0.768779,0.768779,0.768779,0.768779,1607689620,2020-12-11T12:27:00
0.760708,0.767041,0.760708,0.767041,1607689560,2020-12-11T12:26:00
0.750508,0.765294,0.750508,0.765294,1607689440,2020-12-11T12:24:00
0.74574,0.74574,0.74574,0.74574,1607689320,2020-12-11T12:22:00
0.741249,0.744859,0.741249,0.744859,1607689260,2020-12-11T12:21:00
0.740225,0.740225,0.740225,0.740225,1607689080,2020-12-11T12:18:00
0.738628,0.738628,0.738628,0.738628,1607689020,2020-12-11T12:17:00
0.733082,0.738046,0.733082,0.734901,1607688900,2020-12-11T12:15:00
0.739772,0.739772,0.733226,0.733226,1607688840,2020-12-11T12:14:00
0.744778,0.744778,0.744778,0.744778,1607688780,2020-12-11T12:13:00
0.745363,0.745363,0.741874,0.741874,1607688720,2020-12-11T12:12:00
0.752185,0.752185,0.74981,0.751059,1607688660,2020-12-11T12:11:00
0.745233,0.745233,0.745233,0.745233,1607688600,2020-12-11T12:10:00
0.748259,0.75376,0.748259,0.75376,1607688480,2020-12-11T12:08:00
0.754002,0.754002,0.754002,0.754002,1607688420,2020-12-11T12:07:00
0.75448,0.75448,0.749291,0.749291,1607688360,2020-12-11T12:06:00
0.759551,0.759551,0.753786,0.753786,1607688300,2020-12-11T12:05:00
0.74366,0.74366,0.74366,0.74366,1607688240,2020-12-11T12:04:00
0.756876,0.759708,0.756876,0.759708,1607688180,2020-12-11T12:03:00
0.747154,0.75731,0.747154,0.75731,1607688120,2020-12-11T12:02:00
0.742133,0.751748,0.742133,0.751748,1607688060,2020-12-11T12:01:00
0.741707,0.743963,0.741707,0.743963,1607688000,2020-12-11T12:00:00
0.729806,0.736779,0.729806,0.736779,1607687940,2020-12-11T11:59:00
0.720867,0.726837,0.720867,0.726837,1607687880,2020-12-11T11:58:00
0.716337,0.727075,0.716116,0.727075,1607687820,2020-12-11T11:57:00
0.713459,0.718258,0.71081,0.71081,1607687760,2020-12-11T11:56:00
0.703334,0.713089,0.703334,0.713089,1607687700,2020-12-11T11:55:00
0.710317,0.710317,0.710317,0.710317,1607687640,2020-12-11T11:54:00
0.703692,0.708461,0.703692,0.708461,1607687580,2020-12-11T11:53:00
0.717101,0.717101,0.694134,0.698587,1607687520,2020-12-11T11:52:00
0.68416,0.68416,0.68416,0.68416,1607687460,2020-12-11T11:51:00
0.681521,0.681521,0.681521,0.681521,1607687400,2020-12-11T11:50:00
0.672849,0.677404,0.672849,0.677404,1607687340,2020-12-11T11:49:00
0.668111,0.669101,0.668111,0.669101,1607687280,2020-12-11T11:48:00
0.680936,0.680936,0.662715,0.66536,1607687220,2020-12-11T11:47:00
0.634523,0.641256,0.633782,0.641256,1607687160,2020-12-11T11:46:00
0.648495,0.652266,0.648495,0.652266,1607687100,2020-12-11T11:45:00
0.667495,0.667495,0.647397,0.651737,1607687040,2020-12-11T11:44:00
0.696538,0.696538,0.664986,0.664986,1607686920,2020-12-11T11:42:00
0.708372,0.708372,0.7004,0.7004,1607686860,2020-12-11T11:41:00
0.705104,0.706281,0.705104,0.706281,1607686800,2020-12-11T11:40:00
0.67093,0.699504,0.67093,0.699504,1607686740,2020-12-11T11:39:00
0.646909,0.669162,0.641878,0.669162,1607686680,2020-12-11T11:38:00
0.620618,0.642948,0.620618,0.642948,1607686620,2020-12-11T11:37:00
0.595017,0.613039,0.595017,0.613039,1607686560,2020-12-11T11:36:00
0.582549,0.588731,0.582297,0.588731,1607686500,2020-12-11T11:35:00
0.619678,0.619678,0.581422,0.581422,1607686440,2020-12-11T11:34:00
0.662807,0.662807,0.626274,0.626274,1607686380,2020-12-11T11:33:00
0.698739,0.700574,0.662295,0.662295,1607686320,2020-12-11T11:32:00
0.717697,0.717697,0.699047,0.699047,1607686260,2020-12-11T11:31:00
0.726256,0.726256,0.726256,0.726256,1607686200,2020-12-11T11:30:00
0.733019,0.736825,0.733019,0.736825,1607686140,2020-12-11T11:29:00
0.739902,0.739902,0.739902,0.739902,1607686080,2020-12-11T11:28:00
0.734319,0.73837,0.734319,0.735122,1607686020,2020-12-11T11:27:00
0.739311,0.739311,0.736712,0.736712,1607685960,2020-12-11T11:26:00
0.749116,0.749116,0.742328,0.742328,1607685900,2020-12-11T11:25:00
0.75788,0.75788,0.753121,0.753121,1607685840,2020-12-11T11:24:00
0.751719,0.760705,0.751719,0.754362,1607685780,2020-12-11T11:23:00
0.749915,0.762914,0.749915,0.762914,1607685720,2020-12-11T11:22:00
0.743806,0.759486,0.743806,0.759486,1607685660,2020-12-11T11:21:00
0.761508,0.761508,0.745287,0.748704,1607685600,2020-12-11T11:20:00
0.768054,0.768054,0.768054,0.768054,1607685540,2020-12-11T11:19:00
0.767231,0.767231,0.767231,0.767231,1607685480,2020-12-11T11:18:00
0.777932,0.78011,0.777932,0.78011,1607685420,2020-12-11T11:17:00
0.789958,0.789958,0.789958,0.789958,1607685360,2020-12-11T11:16:00
0.802403,0.802403,0.802403,0.802403,1607685300,2020-12-11T11:15:00
0.811482,0.813033,0.811482,0.813033,1607685240,2020-12-11T11:14:00
0.822426,0.822426,0.822426,0.822426,1607685180,2020-12-11T11:13:00
0.833152,0.833152,0.833152,0.833152,1607685120,2020-12-11T11:12:00
0.829585,0.829585,0.829585,0.829585,1607685060,2020-12-11T11:11:00
0.828111,0.828111,0.828111,0.828111,1607685000,2020-12-11T11:10:00
0.816438,0.821056,0.816438,0.821056,1607684940,2020-12-11T11:09:00
0.790238,0.80677,0.790238,0.802413,1607684880,2020-12-11T11:08:00
0.796212,0.796212,0.796212,0.796212,1607684820,2020-12-11T11:07:00
0.800988,0.800988,0.777538,0.777538,1607684760,2020-12-11T11:06:00
0.807324,0.807324,0.794218,0.794218,1607684700,2020-12-11T11:05:00
0.820602,0.826358,0.807924,0.814961,1607684640,2020-12-11T11:04:00
0.816531,0.816531,0.816531,0.816531,1607684580,2020-12-11T11:03:00
0.819516,0.822686,0.819516,0.822686,1607684520,2020-12-11T11:02:00
0.850956,0.850956,0.83498,0.83498,1607684460,2020-12-11T11:01:00
0.856025,0.856025,0.856025,0.856025,1607684400,2020-12-11T11:00:00
0.867062,0.867062,0.865133,0.865133,1607684280,2020-12-11T10:58:00
0.880731,0.880731,0.867234,0.867234,1607684220,2020-12-11T10:57:00
0.900477,0.900477,0.882077,0.882077,1607684160,2020-12-11T10:56:00
0.882456,0.882456,0.882456,0.882456,1607684100,2020-12-11T10:55:00
0.879574,0.879574,0.879574,0.879574,1607683980,2020-12-11T10:53:00
0.876726,0.8895,0.876726,0.8895,1607683800,2020-12-11T10:50:00
0.888955,0.888955,0.888955,0.888955,1607683680,2020-12-11T10:48:00
0.884233,0.884233,0.884233,0.884233,1607683620,2020-12-11T10:47:00
0.889939,0.889939,0.887303,0.887303,1607683560,2020-12-11T10:46:00
0.893739,0.893739,0.893739,0.893739,1607683500,2020-12-11T10:45:00
0.891934,0.891934,0.891934,0.891934,1607683380,2020-12-11T10:43:00
0.887205,0.887205,0.887205,0.887205,1607683320,2020-12-11T10:42:00
0.88886,0.891121,0.88886,0.891121,1607683080,2020-12-11T10:38:00
0.883489,0.883489,0.883489,0.883489,1607683020,2020-12-11T10:37:00
0.87779,0.87779,0.873149,0.873149,1607682960,2020-12-11T10:36:00
0.863927,0.87308,0.863927,0.87308,1607682900,2020-12-11T10:35:00
0.905924,0.910273,0.889089,0.889089,1607682840,2020-12-11T10:34:00
0.92505,0.92505,0.909773,0.909773,1607682780,2020-12-11T10:33:00
0.920341,0.920341,0.920341,0.920341,1607682720,2020-12-11T10:32:00
0.924107,0.924107,0.924107,0.924107,1607682660,2020-12-11T10:31:00
0.933917,0.933917,0.925364,0.925364,1607682600,2020-12-11T10:30:00
0.933918,0.93797,0.933918,0.93797,1607682540,2020-12-11T10:29:00
0.935845,0.935845,0.933351,0.933351,1607682480,2020-12-11T10:28:00
0.944946,0.944946,0.939489,0.939489,1607682420,2020-12-11T10:27:00
0.927837,0.927837,0.927837,0.927837,1607682300,2020-12-11T10:25:00
0.923242,0.923242,0.923242,0.923242,1607682240,2020-12-11T10:24:00
0.922232,0.927934,0.922232,0.92249,1607682180,2020-12-11T10:23:00
0.931337,0.931337,0.926063,0.926063,1607682120,2020-12-11T10:22:00
0.937344,0.937344,0.937344,0.937344,1607681940,2020-12-11T10:19:00
0.920726,0.930722,0.920726,0.930722,1607681880,2020-12-11T10:18:00
0.915024,0.915024,0.915024,0.915024,1607681820,2020-12-11T10:17:00
0.918627,0.918627,0.916908,0.916908,1607681760,2020-12-11T10:16:00
0.914742,0.914742,0.914742,0.914742,1607681700,2020-12-11T10:15:00
0.910243,0.915711,0.910243,0.915711,1607681640,2020-12-11T10:14:00
0.911521,0.911521,0.911521,0.911521,1607681520,2020-12-11T10:12:00
0.922921,0.922921,0.922921,0.922921,1607681460,2020-12-11T10:11:00
0.917825,0.917825,0.917825,0.917825,1607681400,2020-12-11T10:10:00
0.908303,0.915349,0.908303,0.915349,1607681340,2020-12-11T10:09:00
0.90801,0.90801,0.902025,0.902025,1607681220,2020-12-11T10:07:00
0.900468,0.900468,0.900468,0.900468,1607681160,2020-12-11T10:06:00
0.897123,0.905418,0.889163,0.905418,1607680980,2020-12-11T10:03:00
0.891744,0.897458,0.891744,0.897458,1607680920,2020-12-11T10:02:00
0.8909,0.8909,0.8909,0.8909,1607680860,2020-12-11T10:01:00
0.893497,0.893497,0.893497,0.893497,1607680620,2020-12-11T09:57:00
0.900682,0.900682,0.900682,0.900682,1607680560,2020-12-11T09:56:00
0.895846,0.895846,0.895846,0.895846,1607680260,2020-12-11T09:51:00
0.898337,0.898337,0.898337,0.898337,1607680200,2020-12-11T09:50:00
0.907477,0.907477,0.902666,0.902666,1607680140,2020-12-11T09:49:00
0.905125,0.905125,0.905125,0.905125,1607680080,2020-12-11T09:48:00
0.896313,0.905425,0.896313,0.905425,1607679960,2020-12-11T09:46:00
0.896088,0.896088,0.896088,0.896088,1607679900,2020-12-11T09:45:00
0.893674,0.893674,0.893674,0.893674,1607679840,2020-12-11T09:44:00
0.88703,0.891489,0.88703,0.891489,1607679780,2020-12-11T09:43:00
0.894345,0.894345,0.894345,0.894345,1607679720,2020-12-11T09:42:00
0.921857,0.921857,0.90986,0.90986,1607679600,2020-12-11T09:40:00
0.925471,0.925471,0.925471,0.925471,1607679540,2020-12-11T09:39:00
0.934885,0.934885,0.928015,0.928015,1607679480,2020-12-11T09:38:00
0.919058,0.932453,0.919058,0.932453,1607679420,2020-12-11T09:37:00
0.898693,0.901953,0.898693,0.901953,1607679300,2020-12-11T09:35:00
0.89507,0.897418,0.89507,0.897418,1607679240,2020-12-11T09:34:00
0.899658,0.899658,0.899658,0.899658,1607679180,2020-12-11T09:33:00
0.897167,0.897167,0.897167,0.897167,1607679120,2020-12-11T09:32:00
0.897568,0.897568,0.897568,0.897568,1607679060,2020-12-11T09:31:00
0.893612,0.893612,0.893612,0.893612,1607679000,2020-12-11T09:30:00
0.930478,0.932709,0.930478,0.932709,1607678940,2020-12-11T09:29:00
0.926572,0.926572,0.926572,0.926572,1607678880,2020-12-11T09:28:00
0.921537,0.921537,0.921537,0.921537,1607678820,2020-12-11T09:27:00
0.938292,0.941506,0.932519,0.932519,1607678760,2020-12-11T09:26:00
0.933573,0.933573,0.933573,0.933573,1607678640,2020-12-11T09:24:00
0.927509,0.927509,0.918253,0.922366,1607678580,2020-12-11T09:23:00
0.920578,0.928184,0.920578,0.928184,1607678520,2020-12-11T09:22:00
0.89689,0.906265,0.89689,0.906265,1607678460,2020-12-11T09:21:00
0.898133,0.898133,0.89212,0.89212,1607678400,2020-12-11T09:20:00
0.89746,0.89746,0.89746,0.89746,1607678280,2020-12-11T09:18:00
0.909367,0.909367,0.909367,0.909367,1607678100,2020-12-11T09:15:00
0.922668,0.922668,0.921549,0.921549,1607678040,2020-12-11T09:14:00
0.940052,0.940052,0.933766,0.933766,1607677980,2020-12-11T09:13:00
0.947454,0.947454,0.947454,0.947454,1607677920,2020-12-11T09:12:00
0.944966,0.944966,0.944966,0.944966,1607677860,2020-12-11T09:11:00
0.930914,0.936516,0.930914,0.936516,1607677800,2020-12-11T09:10:00
0.895888,0.927339,0.895888,0.927339,1607677680,2020-12-11T09:08:00
0.89939,0.89939,0.89939,0.89939,1607677620,2020-12-11T09:07:00
0.893579,0.895912,0.884655,0.884655,1607677560,2020-12-11T09:06:00
0.859994,0.890395,0.859994,0.890395,1607677500,2020-12-11T09:05:00
0.861909,0.865505,0.861909,0.865505,1607677440,2020-12-11T09:04:00
0.867808,0.876625,0.867808,0.876625,1607677380,2020-12-11T09:03:00
0.893199,0.893199,0.893199,0.893199,1607677320,2020-12-11T09:02:00
0.904221,0.904221,0.898707,0.898707,1607677260,2020-12-11T09:01:00
0.908934,0.91107,0.908934,0.91107,1607677200,2020-12-11T09:00:00
0.920345,0.922996,0.91674,0.91674,1607677140,2020-12-11T08:59:00
0.926225,0.926225,0.926225,0.926225,1607677080,2020-12-11T08:58:00
0.941273,0.941273,0.932871,0.932871,1607677020,2020-12-11T08:57:00
0.956477,0.956477,0.947221,0.947221,1607676900,2020-12-11T08:55:00
0.958102,0.958102,0.958102,0.958102,1607676840,2020-12-11T08:54:00
0.952383,0.960207,0.952383,0.960207,1607676720,2020-12-11T08:52:00
0.975507,0.975507,0.959263,0.959263,1607676660,2020-12-11T08:51:00
0.97973,0.97973,0.97973,0.97973,1607676600,2020-12-11T08:50:00
0.941183,0.948293,0.941183,0.948293,1607676540,2020-12-11T08:49:00
0.937912,0.937912,0.936474,0.936474,1607676360,2020-12-11T08:46:00
0.933113,0.933113,0.933113,0.933113,1607676300,2020-12-11T08:45:00
0.941333,0.942371,0.9402,0.942371,1607676240,2020-12-11T08:44:00
0.999361,1.00077,0.990619,0.990619,1607676180,2020-12-11T08:43:00
1.0081,1.0081,1.0081,1.0081,1607676120,2020-12-11T08:42:00
0.95001,1.00636,0.95001,1.00636,1607676060,2020-12-11T08:41:00
0.942739,0.945887,0.940349,0.945887,1607676000,2020-12-11T08:40:00
0.934504,0.967668,0.934504,0.967668,1607675940,2020-12-11T08:39:00
0.903817,0.92742,0.903817,0.92742,1607675880,2020-12-11T08:38:00
0.940152,0.940152,0.910228,0.910228,1607675820,2020-12-11T08:37:00
0.953196,0.953196,0.953196,0.953196,1607675760,2020-12-11T08:36:00
0.983211,0.983211,0.964219,0.969833,1607675700,2020-12-11T08:35:00
1.00536,1.00536,0.991531,0.991531,1607675640,2020-12-11T08:34:00
1.01261,1.01261,1.00976,1.00976,1607675580,2020-12-11T08:33:00
1.02739,1.02739,1.01461,1.01461,1607675520,2020-12-11T08:32:00
1.02654,1.02654,1.02654,1.02654,1607675460,2020-12-11T08:31:00
1.03338,1.03369,1.03338,1.03369,1607675280,2020-12-11T08:28:00
1.04349,1.04443,1.03176,1.0332,1607675220,2020-12-11T08:27:00
1.03705,1.03705,1.03705,1.03705,1607675160,2020-12-11T08:26:00
1.03534,1.03897,1.03534,1.03897,1607675040,2020-12-11T08:24:00
1.03594,1.03594,1.03105,1.03105,1607674920,2020-12-11T08:22:00
1.0353,1.0353,1.0353,1.0353,1607674800,2020-12-11T08:20:00
1.0281,1.0281,1.0281,1.0281,1607674740,2020-12-11T08:19:00
1.02729,1.02729,1.02729,1.02729,1607674620,2020-12-11T08:17:00
1.02015,1.02015,1.02015,1.02015,1607674560,2020-12-11T08:16:00
1.04351,1.04351,1.01951,1.01951,1607674500,2020-12-11T08:15:00
1.00809,1.00938,1.00809,1.00938,1607674260,2020-12-11T08:11:00
1.00122,1.00122,1.00122,1.00122,1607674140,2020-12-11T08:09:00
1.01564,1.01564,1.00573,1.00573,1607674020,2020-12-11T08:07:00
1.00479,1.01125,1.00479,1.01125,1607673900,2020-12-11T08:05:00
1.01366,1.02023,1.00781,1.00781,1607673840,2020-12-11T08:04:00
1.03433,1.03433,1.03433,1.03433,1607673780,2020-12-11T08:03:00
1.05356,1.05356,1.05356,1.05356,1607673720,2020-12-11T08:02:00
1.02581,1.05439,1.02581,1.05439,1607673540,2020-12-11T07:59:00
1.02123,1.02826,1.02123,1.02212,1607673480,2020-12-11T07:58:00
1.014,1.014,1.014,1.014,1607673360,2020-12-11T07:56:00
0.992249,1.0045,0.992249,1.0045,1607673300,2020-12-11T07:55:00
1.04406,1.04406,1.04406,1.04406,1607673240,2020-12-11T07:54:00
1.02458,1.02955,1.02458,1.02955,1607673180,2020-12-11T07:53:00
1.02142,1.02142,1.02142,1.02142,1607673120,2020-12-11T07:52:00
1.01906,1.01906,1.01906,1.01906,1607673060,2020-12-11T07:51:00
1.01127,1.0176,1.01127,1.0176,1607673000,2020-12-11T07:50:00
1.00628,1.00906,1.00628,1.00906,1607672940,2020-12-11T07:49:00
0.987298,0.994903,0.987298,0.994903,1607672820,2020-12-11T07:47:00
0.98765,0.98765,0.98765,0.98765,1607672760,2020-12-11T07:46:00
0.989689,0.989689,0.981191,0.981191,1607672700,2020-12-11T07:45:00
0.983245,0.983245,0.983245,0.983245,1607672640,2020-12-11T07:44:00
1.01444,1.01444,1.01348,1.01348,1607672580,2020-12-11T07:43:00
1.02621,1.02621,1.0102,1.01457,1607672520,2020-12-11T07:42:00
1.03472,1.03472,1.01646,1.01646,1607672460,2020-12-11T07:41:00
1.03934,1.03934,1.03934,1.03934,1607672400,2020-12-11T07:40:00
1.05087,1.05087,1.05087,1.05087,1607672340,2020-12-11T07:39:00
1.04091,1.04091,1.04091,1.04091,1607672280,2020-12-11T07:38:00
1.03766,1.03766,1.03766,1.03766,1607672220,2020-12-11T07:37:00
1.02085,1.03566,1.0204,1.03566,1607672040,2020-12-11T07:34:00
1.01637,1.01637,1.01637,1.01637,1607671980,2020-12-11T07:33:00
1.01565,1.01565,1.01565,1.01565,1607671920,2020-12-11T07:32:00
1.08965,1.08965,1.07242,1.07242,1607671860,2020-12-11T07:31:00
1.08307,1.09105,1.08307,1.08325,1607671800,2020-12-11T07:30:00
1.09237,1.09237,1.09237,1.09237,1607671680,2020-12-11T07:28:00
1.09978,1.09978,1.08485,1.08485,1607671620,2020-12-11T07:27:00
1.10098,1.10098,1.09675,1.09675,1607671560,2020-12-11T07:26:00
1.09121,1.10495,1.09121,1.10495,1607671500,2020-12-11T07:25:00
1.08821,1.08821,1.08821,1.08821,1607671440,2020-12-11T07:24:00
1.08857,1.08857,1.08857,1.08857,1607671260,2020-12-11T07:21:00
1.08558,1.08558,1.08558,1.08558,1607671200,2020-12-11T07:20:00
1.09138,1.09138,1.09138,1.09138,1607671140,2020-12-11T07:19:00
1.08627,1.08627,1.08627,1.08627,1607671080,2020-12-11T07:18:00
1.07576,1.07576,1.07576,1.07576,1607671020,2020-12-11T07:17:00
1.06188,1.06188,1.06188,1.06188,1607670960,2020-12-11T07:16:00
1.08178,1.08178,1.05694,1.05694,1607670900,2020-12-11T07:15:00
1.07587,1.07587,1.07587,1.07587,1607670840,2020-12-11T07:14:00
1.08698,1.08698,1.0766,1.0766,1607670780,2020-12-11T07:13:00
1.07982,1.08338,1.07982,1.08338,1607670720,2020-12-11T07:12:00
1.06479,1.08842,1.06479,1.08842,1607670660,2020-12-11T07:11:00
1.0582,1.06833,1.0582,1.06833,1607670600,2020-12-11T07:10:00
1.06768,1.06768,1.06768,1.06768,1607670540,2020-12-11T07:09:00
1.10395,1.10639,1.057,1.057,1607670420,2020-12-11T07:07:00
1.09089,1.09659,1.09089,1.09659,1607670360,2020-12-11T07:06:00
1.09062,1.09146,1.09062,1.09146,1607670300,2020-12-11T07:05:00
1.08043,1.08794,1.08043,1.08794,1607670240,2020-12-11T07:04:00
1.10977,1.10977,1.10599,1.10599,1607670180,2020-12-11T07:03:00
1.09917,1.09917,1.09354,1.09354,1607670120,2020-12-11T07:02:00
1.07466,1.09581,1.06588,1.09581,1607670060,2020-12-11T07:01:00
1.06654,1.06654,1.06654,1.06654,1607669940,2020-12-11T06:59:00
1.06593,1.06593,1.06021,1.06021,1607669880,2020-12-11T06:58:00
1.0757,1.0757,1.06442,1.06442,1607669820,2020-12-11T06:57:00
1.05323,1.08222,1.05323,1.08222,1607669700,2020-12-11T06:55:00
1.04825,1.04825,1.04825,1.04825,1607669640,2020-12-11T06:54:00
1.05798,1.05798,1.05798,1.05798,1607669580,2020-12-11T06:53:00
1.04778,1.04778,1.04778,1.04778,1607669520,2020-12-11T06:52:00
1.05703,1.05703,1.05703,1.05703,1607669460,2020-12-11T06:51:00
1.04189,1.0496,1.04189,1.0496,1607669340,2020-12-11T06:49:00
1.04021,1.05372,1.03164,1.03164,1607669280,2020-12-11T06:48:00
1.07801,1.07801,1.0284,1.03401,1607669220,2020-12-11T06:47:00
1.07214,1.07214,1.04925,1.04925,1607669160,2020-12-11T06:46:00
1.10154,1.10154,1.08063,1.08209,1607669100,2020-12-11T06:45:00
1.12883,1.12883,1.09638,1.09638,1607669040,2020-12-11T06:44:00
1.14226,1.14226,1.13567,1.13567,1607668980,2020-12-11T06:43:00
1.10874,1.15173,1.10874,1.15173,1607668920,2020-12-11T06:42:00
1.09387,1.09387,1.09387,1.09387,1607668860,2020-12-11T06:41:00
1.09154,1.0979,1.087,1.087,1607668800,2020-12-11T06:40:00
1.06531,1.0891,1.06321,1.0891,1607668740,2020-12-11T06:39:00
1.09051,1.10165,1.06901,1.06901,1607668680,2020-12-11T06:38:00
1.04441,1.08167,1.04441,1.08167,1607668620,2020-12-11T06:37:00
1.01522,1.03969,1.01522,1.03969,1607668560,2020-12-11T06:36:00
1.00494,1.01283,1.00494,1.01283,1607668500,2020-12-11T06:35:00
0.998708,0.998708,0.998708,0.998708,1607668440,2020-12-11T06:34:00
0.994096,0.995072,0.994096,0.995072,1607668380,2020-12-11T06:33:00
0.982045,0.986435,0.982045,0.986435,1607668320,2020-12-11T06:32:00
0.972556,0.978091,0.972556,0.978091,1607668260,2020-12-11T06:31:00
0.973116,0.978769,0.973116,0.978769,1607668200,2020-12-11T06:30:00
0.972818,0.979716,0.972818,0.979716,1607668140,2020-12-11T06:29:00
0.96345,0.971098,0.96345,0.971098,1607668020,2020-12-11T06:27:00
0.957418,0.95975,0.957418,0.95975,1607667900,2020-12-11T06:25:00
0.94981,0.955378,0.94981,0.955378,1607667840,2020-12-11T06:24:00
0.950555,0.955235,0.950555,0.955235,1607667780,2020-12-11T06:23:00
0.956551,0.956551,0.956551,0.956551,1607667660,2020-12-11T06:21:00
0.977612,0.977612,0.977612,0.977612,1607667600,2020-12-11T06:20:00
0.966155,0.978796,0.966155,0.978796,1607667540,2020-12-11T06:19:00
0.951061,0.964639,0.951061,0.960446,1607667480,2020-12-11T06:18:00
0.965488,0.974258,0.965488,0.974258,1607667420,2020-12-11T06:17:00
0.96713,0.973323,0.96713,0.973323,1607667360,2020-12-11T06:16:00
0.97811,0.97811,0.97811,0.97811,1607667300,2020-12-11T06:15:00
0.974762,0.974762,0.965945,0.969089,1607667240,2020-12-11T06:14:00
0.945178,0.952181,0.945178,0.952181,1607667180,2020-12-11T06:13:00
0.927698,0.94015,0.927698,0.94015,1607667120,2020-12-11T06:12:00
0.942445,0.942445,0.942445,0.942445,1607667060,2020-12-11T06:11:00
0.937988,0.937988,0.931877,0.931877,1607666940,2020-12-11T06:09:00
0.95566,0.95566,0.941337,0.941337,1607666880,2020-12-11T06:08:00
0.970762,0.970762,0.953648,0.953648,1607666820,2020-12-11T06:07:00
0.959666,0.974772,0.959666,0.974772,1607666760,2020-12-11T06:06:00
0.985433,0.985433,0.933423,0.933423,1607666700,2020-12-11T06:05:00
1.03525,1.03525,0.984928,0.984928,1607666640,2020-12-11T06:04:00
1.03652,1.03652,1.0245,1.0245,1607666580,2020-12-11T06:03:00
1.04853,1.04853,1.04853,1.04853,1607666520,2020-12-11T06:02:00
1.05409,1.05409,1.05409,1.05409,1607666460,2020-12-11T06:01:00
1.05724,1.06323,1.05724,1.06323,1607666340,2020-12-11T05:59:00
1.04399,1.05446,1.04399,1.05446,1607666280,2020-12-11T05:58:00
1.03877,1.03877,1.03877,1.03877,1607666220,2020-12-11T05:57:00
1.0162,1.01709,1.0162,1.01709,1607666160,2020-12-11T05:56:00
0.996332,0.996332,0.996332,0.996332,1607666100,2020-12-11T05:55:00
0.987699,0.990191,0.987699,0.990191,1607666040,2020-12-11T05:54:00
0.987252,0.987252,0.987252,0.987252,1607665980,2020-12-11T05:53:00
0.981691,0.981691,0.981691,0.981691,1607665920,2020-12-11T05:52:00
0.977276,0.977299,0.977276,0.977299,1607665800,2020-12-11T05:50:00
0.977664,0.977664,0.977664,0.977664,1607665740,2020-12-11T05:49:00
0.965647,0.973461,0.965647,0.970777,1607665680,2020-12-11T05:48:00
0.974172,0.974172,0.968685,0.968685,1607665620,2020-12-11T05:47:00
0.972308,0.981392,0.972308,0.981392,1607665560,2020-12-11T05:46:00
0.97646,0.9792,0.973492,0.973492,1607665500,2020-12-11T05:45:00
1.00128,1.00128,0.970444,0.970444,1607665440,2020-12-11T05:44:00
1.01912,1.02078,1.00575,1.00575,1607665380,2020-12-11T05:43:00
1.03215,1.03215,1.01478,1.01478,1607665320,2020-12-11T05:42:00
1.02206,1.03827,1.02206,1.03827,1607665260,2020-12-11T05:41:00
1.01598,1.01598,1.01598,1.01598,1607665200,2020-12-11T05:40:00
0.995011,1.0228,0.987864,0.987864,1607665140,2020-12-11T05:39:00
0.983361,1.01316,0.983361,1.01316,1607665080,2020-12-11T05:38:00
0.972298,0.973928,0.972298,0.973928,1607665020,2020-12-11T05:37:00
0.972268,0.972268,0.972268,0.972268,1607664960,2020-12-11T05:36:00
0.966178,0.966178,0.966178,0.966178,1607664900,2020-12-11T05:35:00
0.980534,0.980534,0.960874,0.960874,1607664840,2020-12-11T05:34:00
0.961357,0.971508,0.961357,0.971508,1607664780,2020-12-11T05:33:00
0.955275,0.955275,0.955275,0.955275,1607664720,2020-12-11T05:32:00
0.973339,0.973339,0.959184,0.959184,1607664660,2020-12-11T05:31:00
0.944693,1.04153,0.944693,1.04153,1607664600,2020-12-11T05:30:00
0.934683,0.954798,0.934683,0.946145,1607664540,2020-12-11T05:29:00
0.929347,0.929347,0.929347,0.929347,1607664480,2020-12-11T05:28:00
0.930581,0.930581,0.924592,0.924592,1607664300,2020-12-11T05:25:00
0.928212,0.92879,0.921549,0.92879,1607664240,2020-12-11T05:24:00
0.917447,0.925735,0.917447,0.925735,1607664180,2020-12-11T05:23:00
0.915193,0.915193,0.915193,0.915193,1607664060,2020-12-11T05:21:00
0.947957,0.947957,0.904802,0.904802,1607664000,2020-12-11T05:20:00
0.971773,0.971773,0.965157,0.965157,1607663940,2020-12-11T05:19:00
0.931381,0.946611,0.931381,0.946611,1607663880,2020-12-11T05:18:00
0.927661,0.931704,0.916816,0.931704,1607663820,2020-12-11T05:17:00
0.913149,0.940619,0.913149,0.940619,1607663760,2020-12-11T05:16:00
0.910493,0.910755,0.891992,0.910755,1607663700,2020-12-11T05:15:00
0.901421,0.901421,0.901421,0.901421,1607663640,2020-12-11T05:14:00
0.896898,0.896898,0.895911,0.895911,1607663580,2020-12-11T05:13:00
0.89494,0.89494,0.89494,0.89494,1607663520,2020-12-11T05:12:00
0.917204,0.917204,0.901217,0.901217,1607663460,2020-12-11T05:11:00
0.930244,0.930244,0.916769,0.916769,1607663400,2020-12-11T05:10:00
0.926159,0.931971,0.926159,0.931971,1607663340,2020-12-11T05:09:00
0.961986,0.968963,0.927145,0.927145,1607663280,2020-12-11T05:08:00
0.965509,0.968672,0.965509,0.968672,1607663220,2020-12-11T05:07:00
0.979132,0.979132,0.973914,0.973914,1607663160,2020-12-11T05:06:00
0.996111,0.996111,0.989007,0.989007,1607663100,2020-12-11T05:05:00
0.997008,0.997008,0.997008,0.997008,1607662980,2020-12-11T05:03:00
0.993154,0.999841,0.993154,0.999841,1607662920,2020-12-11T05:02:00
0.985574,0.992556,0.985574,0.986505,1607662860,2020-12-11T05:01:00
0.991119,0.994578,0.991119,0.994578,1607662800,2020-12-11T05:00:00
0.995129,1.01484,0.995129,1.01484,1607662740,2020-12-11T04:59:00
1.00486,1.01235,1.00486,1.01235,1607662680,2020-12-11T04:58:00
1.03221,1.03221,0.99636,0.99636,1607662620,2020-12-11T04:57:00
1.03601,1.03858,1.03601,1.03858,1607662560,2020-12-11T04:56:00
1.04294,1.04294,1.02666,1.02666,1607662500,2020-12-11T04:55:00
1.02814,1.04274,1.02814,1.03446,1607662440,2020-12-11T04:54:00
1.02858,1.06752,1.02858,1.05317,1607662380,2020-12-11T04:53:00
1.02785,1.02785,1.02785,1.02785,1607662320,2020-12-11T04:52:00
0.999958,1.05263,0.999958,1.05263,1607662260,2020-12-11T04:51:00
0.991137,0.994629,0.977733,0.994629,1607662200,2020-12-11T04:50:00
1.01484,1.01484,1.01484,1.01484,1607662140,2020-12-11T04:49:00
0.946556,1.0343,0.946556,1.0343,1607662080,2020-12-11T04:48:00
0.943251,0.945446,0.943251,0.945446,1607662020,2020-12-11T04:47:00
0.914982,0.943051,0.914982,0.940435,1607661960,2020-12-11T04:46:00
0.926536,0.933042,0.926536,0.933042,1607661900,2020-12-11T04:45:00
0.977156,0.978853,0.928821,0.928821,1607661840,2020-12-11T04:44:00
0.970211,0.971347,0.970211,0.971347,1607661780,2020-12-11T04:43:00
0.938715,0.949592,0.938715,0.949592,1607661720,2020-12-11T04:42:00
0.878929,0.92917,0.878929,0.92917,1607661660,2020-12-11T04:41:00
0.89685,0.89685,0.891249,0.891249,1607661600,2020-12-11T04:40:00
0.896172,0.896172,0.896172,0.896172,1607661540,2020-12-11T04:39:00
0.874665,0.891367,0.874665,0.891367,1607661480,2020-12-11T04:38:00
0.893868,0.893868,0.866527,0.87053,1607661420,2020-12-11T04:37:00
0.896587,0.896587,0.886938,0.886938,1607661360,2020-12-11T04:36:00
0.954174,0.954174,0.902925,0.902925,1607661300,2020-12-11T04:35:00
0.948849,0.958083,0.947372,0.958083,1607661240,2020-12-11T04:34:00
0.949521,0.974603,0.949521,0.974603,1607661180,2020-12-11T04:33:00
0.982565,1.01831,0.964912,0.964912,1607661120,2020-12-11T04:32:00
0.943384,0.994353,0.943384,0.973378,1607661060,2020-12-11T04:31:00
0.936139,0.936358,0.936139,0.936358,1607661000,2020-12-11T04:30:00
0.890084,0.923707,0.890084,0.923707,1607660940,2020-12-11T04:29:00
0.866295,0.893406,0.866295,0.887307,1607660880,2020-12-11T04:28:00
0.857183,0.861578,0.857183,0.861578,1607660820,2020-12-11T04:27:00
0.839439,0.862354,0.839439,0.843642,1607660760,2020-12-11T04:26:00
0.900354,0.900354,0.850124,0.850124,1607660700,2020-12-11T04:25:00
0.833587,0.89044,0.833587,0.89044,1607660640,2020-12-11T04:24:00
0.784135,0.809846,0.784135,0.809846,1607660580,2020-12-11T04:23:00
0.905475,0.905475,0.771199,0.771199,1607660520,2020-12-11T04:22:00
0.983044,0.983044,0.86836,0.86836,1607660460,2020-12-11T04:21:00
0.980128,0.980128,0.980128,0.980128,1607660400,2020-12-11T04:20:00
0.984162,0.984162,0.973724,0.982791,1607660340,2020-12-11T04:19:00
0.999698,1.00616,0.999459,0.999459,1607660280,2020-12-11T04:18:00
1.01681,1.01681,1.01001,1.01001,1607660220,2020-12-11T04:17:00
1.05483,1.05829,1.05483,1.05829,1607660160,2020-12-11T04:16:00
1.0575,1.06417,1.05214,1.05214,1607660100,2020-12-11T04:15:00
1.06116,1.06116,1.05471,1.0607,1607660040,2020-12-11T04:14:00
1.12294,1.12294,1.06837,1.06837,1607659980,2020-12-11T04:13:00
1.04732,1.12231,1.04732,1.11137,1607659920,2020-12-11T04:12:00
1.00896,1.03692,1.00896,1.03692,1607659860,2020-12-11T04:11:00
0.957263,0.988208,0.957263,0.988208,1607659800,2020-12-11T04:10:00
1.12255,1.12255,0.957681,0.957681,1607659740,2020-12-11T04:09:00
1.1571,1.1571,1.12067,1.12067,1607659680,2020-12-11T04:08:00
1.07655,1.12919,1.07655,1.12919,1607659620,2020-12-11T04:07:00
1.04001,1.06749,1.04001,1.06749,1607659560,2020-12-11T04:06:00
0.951311,0.990905,0.951311,0.990905,1607659500,2020-12-11T04:05:00
0.93542,0.938207,0.921475,0.929619,1607659440,2020-12-11T04:04:00
0.939407,0.940998,0.92688,0.940388,1607659380,2020-12-11T04:03:00
1.0008,1.0008,0.955673,0.958543,1607659320,2020-12-11T04:02:00
1.02171,1.02525,0.998975,0.998975,1607659260,2020-12-11T04:01:00
1.09456,1.09456,1.01747,1.01747,1607659200,2020-12-11T04:00:00
1.12049,1.12049,1.09826,1.09826,1607659140,2020-12-11T03:59:00
1.12425,1.13043,1.1014,1.10147,1607659080,2020-12-11T03:58:00
1.1485,1.18848,1.1485,1.18833,1607659020,2020-12-11T03:57:00
1.09354,1.13752,1.09354,1.13752,1607658960,2020-12-11T03:56:00
1.06381,1.08169,1.06381,1.08169,1607658900,2020-12-11T03:55:00
1.22142,1.22142,1.22142,1.22142,1607658840,2020-12-11T03:54:00
1.24529,1.26949,1.24529,1.26707,1607658780,2020-12-11T03:53:00
1.15543,1.24062,1.15543,1.24062,1607658720,2020-12-11T03:52:00
1.08395,1.17655,1.08395,1.12385,1607658660,2020-12-11T03:51:00
1.00695,1.07195,1.00695,1.07195,1607658600,2020-12-11T03:50:00
1.21344,1.21344,0.971566,0.971566,1607658540,2020-12-11T03:49:00
1.33363,1.33363,1.30457,1.30457,1607658480,2020-12-11T03:48:00
1.32484,1.33233,1.32484,1.33233,1607658420,2020-12-11T03:47:00
1.41084,1.41084,1.39318,1.39318,1607658360,2020-12-11T03:46:00
1.47678,1.47678,1.43633,1.43633,1607658300,2020-12-11T03:45:00
1.43507,1.43507,1.40814,1.41597,1607658240,2020-12-11T03:44:00
1.33421,1.3497,1.31234,1.3497,1607658180,2020-12-11T03:43:00
1.1802,1.27099,1.17179,1.25323,1607658120,2020-12-11T03:42:00
1.17994,1.17994,1.17228,1.17228,1607658060,2020-12-11T03:41:00
1.30819,1.30819,1.2563,1.2563,1607658000,2020-12-11T03:40:00
1.35684,1.35723,1.31979,1.31979,1607657940,2020-12-11T03:39:00
1.38453,1.38453,1.34348,1.34348,1607657880,2020-12-11T03:38:00
1.37258,1.3966,1.37258,1.3966,1607657820,2020-12-11T03:37:00
1.28653,1.33325,1.28653,1.33325,1607657760,2020-12-11T03:36:00
1.24809,1.30524,1.24809,1.30524,1607657700,2020-12-11T03:35:00
1.23396,1.23549,1.23396,1.23549,1607657640,2020-12-11T03:34:00
1.19386,1.24068,1.19386,1.24068,1607657580,2020-12-11T03:33:00
1.15367,1.17265,1.15367,1.17265,1607657520,2020-12-11T03:32:00
1.15379,1.15379,1.14833,1.15239,1607657460,2020-12-11T03:31:00
1.12511,1.13172,1.12511,1.13172,1607657400,2020-12-11T03:30:00
1.10817,1.12274,1.10817,1.12274,1607657340,2020-12-11T03:29:00
1.07553,1.09815,1.07553,1.09044,1607657280,2020-12-11T03:28:00
1.07878,1.07948,1.07878,1.07948,1607657220,2020-12-11T03:27:00
1.11671,1.16164,1.08996,1.08996,1607657160,2020-12-11T03:26:00
1.13864,1.15081,1.13073,1.15081,1607657100,2020-12-11T03:25:00
1.17993,1.17993,1.13904,1.13904,1607657040,2020-12-11T03:24:00
1.20823,1.23037,1.20679,1.21273,1607656980,2020-12-11T03:23:00
1.14999,1.20655,1.14999,1.20388,1607656920,2020-12-11T03:22:00
1.1509,1.1509,1.14613,1.14613,1607656860,2020-12-11T03:21:00
1.09112,1.14208,1.09112,1.14208,1607656800,2020-12-11T03:20:00
1.07746,1.09252,1.07746,1.09252,1607656740,2020-12-11T03:19:00
1.06091,1.07211,1.06091,1.07211,1607656680,2020-12-11T03:18:00
1.05543,1.05543,1.05543,1.05543,1607656620,2020-12-11T03:17:00
1.06476,1.06476,1.06476,1.06476,1607656560,2020-12-11T03:16:00
1.01574,1.02605,1.00555,1.02605,1607656500,2020-12-11T03:15:00
1.03838,1.03838,1.03838,1.03838,1607656440,2020-12-11T03:14:00
1.04354,1.04966,1.03089,1.03089,1607656380,2020-12-11T03:13:00
1.02246,1.06608,1.02246,1.06608,1607656320,2020-12-11T03:12:00
1.03793,1.04005,1.03298,1.04005,1607656260,2020-12-11T03:11:00
0.973213,1.03003,0.973213,1.03003,1607656200,2020-12-11T03:10:00
0.971289,1.01694,0.971289,1.01694,1607656140,2020-12-11T03:09:00
0.996038,0.996038,0.996038,0.996038,1607656080,2020-12-11T03:08:00
0.947232,0.947232,0.947232,0.947232,1607656020,2020-12-11T03:07:00
0.925378,0.952311,0.925378,0.942906,1607655960,2020-12-11T03:06:00
0.918414,0.924329,0.918414,0.924329,1607655900,2020-12-11T03:05:00
0.914528,0.914528,0.898624,0.898624,1607655840,2020-12-11T03:04:00
0.888624,0.921472,0.888624,0.921472,1607655780,2020-12-11T03:03:00
0.883501,0.895634,0.883501,0.895634,1607655720,2020-12-11T03:02:00
0.906124,0.906124,0.87766,0.87766,1607655660,2020-12-11T03:01:00
0.920367,0.920367,0.908501,0.908501,1607655600,2020-12-11T03:00:00
0.925661,0.925661,0.925661,0.925661,1607655540,2020-12-11T02:59:00
0.908622,0.93772,0.908622,0.920357,1607655480,2020-12-11T02:58:00
0.917888,0.917888,0.917888,0.917888,1607655420,2020-12-11T02:57:00
0.931033,0.931033,0.914391,0.914391,1607655360,2020-12-11T02:56:00
0.942251,0.942251,0.942251,0.942251,1607655300,2020-12-11T02:55:00
0.947515,0.964337,0.947515,0.964337,1607655240,2020-12-11T02:54:00
0.933616,0.94206,0.933616,0.94206,1607655180,2020-12-11T02:53:00
0.895164,0.929694,0.895164,0.929694,1607655120,2020-12-11T02:52:00
0.898141,0.900389,0.878602,0.894067,1607655060,2020-12-11T02:51:00
0.890775,0.894257,0.887127,0.890205,1607655000,2020-12-11T02:50:00
0.964921,0.964921,0.891926,0.891926,1607654940,2020-12-11T02:49:00
0.955684,0.96682,0.948524,0.948524,1607654880,2020-12-11T02:48:00
0.964659,0.964659,0.964659,0.964659,1607654820,2020-12-11T02:47:00
0.972496,0.972496,0.972496,0.972496,1607654760,2020-12-11T02:46:00
0.980533,0.9934,0.96292,0.990694,1607654700,2020-12-11T02:45:00
0.959243,0.960738,0.946222,0.950105,1607654640,2020-12-11T02:44:00
0.921066,0.936233,0.921066,0.936233,1607654580,2020-12-11T02:43:00
0.902695,0.913937,0.902695,0.913937,1607654520,2020-12-11T02:42:00
0.912622,0.912622,0.862176,0.896664,1607654460,2020-12-11T02:41:00
0.87261,0.91595,0.87261,0.91595,1607654400,2020-12-11T02:40:00
0.864939,0.864939,0.864939,0.864939,1607654340,2020-12-11T02:39:00
0.865419,0.86679,0.865419,0.86679,1607654280,2020-12-11T02:38:00
0.859885,0.862437,0.859885,0.862437,1607654220,2020-12-11T02:37:00
0.857081,0.857081,0.857081,0.857081,1607654100,2020-12-11T02:35:00
0.874392,0.875934,0.844543,0.875934,1607654040,2020-12-11T02:34:00
0.871634,0.878983,0.871634,0.878983,1607653980,2020-12-11T02:33:00
0.861416,0.874567,0.861416,0.874567,1607653920,2020-12-11T02:32:00
0.883179,0.889012,0.860627,0.860627,1607653860,2020-12-11T02:31:00
0.878957,0.878957,0.878957,0.878957,1607653800,2020-12-11T02:30:00
0.870728,0.870728,0.870728,0.870728,1607653740,2020-12-11T02:29:00
0.846943,0.870872,0.833908,0.870872,1607653680,2020-12-11T02:28:00
0.849029,0.849029,0.8478,0.8478,1607653620,2020-12-11T02:27:00
0.866077,0.866077,0.836128,0.860053,1607653560,2020-12-11T02:26:00
0.806168,0.809512,0.806168,0.809512,1607653500,2020-12-11T02:25:00
0.825913,0.825913,0.802379,0.802379,1607653440,2020-12-11T02:24:00
0.791449,0.813822,0.791449,0.806673,1607653380,2020-12-11T02:23:00
0.825748,0.861597,0.825748,0.861597,1607653320,2020-12-11T02:22:00
0.773297,0.79873,0.773297,0.79873,1607653260,2020-12-11T02:21:00
0.734291,0.772591,0.734291,0.772591,1607653200,2020-12-11T02:20:00
0.682796,0.733941,0.682796,0.733941,1607653140,2020-12-11T02:19:00
0.670612,0.683025,0.668488,0.683025,1607653080,2020-12-11T02:18:00
0.701098,0.701098,0.673493,0.673493,1607653020,2020-12-11T02:17:00
0.766009,0.766009,0.727252,0.731808,1607652960,2020-12-11T02:16:00
0.797418,0.797418,0.770984,0.770984,1607652900,2020-12-11T02:15:00
0.818458,0.818458,0.812508,0.814287,1607652840,2020-12-11T02:14:00
0.829747,0.829747,0.817457,0.817457,1607652780,2020-12-11T02:13:00
0.826813,0.826813,0.826813,0.826813,1607652720,2020-12-11T02:12:00
0.824438,0.82565,0.824438,0.82565,1607652660,2020-12-11T02:11:00
0.825762,0.835185,0.825762,0.829944,1607652600,2020-12-11T02:10:00
0.829417,0.829417,0.821945,0.821945,1607652540,2020-12-11T02:09:00
0.83006,0.83006,0.821607,0.827142,1607652480,2020-12-11T02:08:00
0.826116,0.83116,0.824194,0.824194,1607652420,2020-12-11T02:07:00
0.795099,0.797456,0.794049,0.794049,1607652360,2020-12-11T02:06:00
0.821378,0.854285,0.789949,0.789949,1607652300,2020-12-11T02:05:00
0.825388,0.828089,0.821943,0.821943,1607652240,2020-12-11T02:04:00
0.857404,0.872924,0.824994,0.824994,1607652120,2020-12-11T02:02:00
0.881877,0.886087,0.881877,0.886087,1607652060,2020-12-11T02:01:00
0.87906,0.87906,0.876637,0.876637,1607652000,2020-12-11T02:00:00
0.870287,0.876051,0.857919,0.876051,1607651940,2020-12-11T01:59:00
0.867912,0.868271,0.857088,0.868271,1607651880,2020-12-11T01:58:00
0.858123,0.880251,0.858123,0.880251,1607651820,2020-12-11T01:57:00
0.881399,0.881399,0.856103,0.863938,1607651760,2020-12-11T01:56:00
0.872712,0.877547,0.872712,0.877547,1607651700,2020-12-11T01:55:00
0.870011,0.874309,0.870011,0.874309,1607651640,2020-12-11T01:54:00
0.842985,0.850558,0.842985,0.850558,1607651580,2020-12-11T01:53:00
0.808139,0.860117,0.808139,0.839855,1607651520,2020-12-11T01:52:00
0.819413,0.819413,0.809496,0.809496,1607651460,2020-12-11T01:51:00
0.756878,0.834962,0.756878,0.834962,1607651400,2020-12-11T01:50:00
0.735662,0.759156,0.735662,0.759156,1607651340,2020-12-11T01:49:00
0.716214,0.745318,0.716214,0.732839,1607651280,2020-12-11T01:48:00
0.718526,0.724821,0.718526,0.724821,1607651220,2020-12-11T01:47:00
0.718821,0.724148,0.718821,0.723927,1607651160,2020-12-11T01:46:00
0.70972,0.763228,0.691226,0.763228,1607651100,2020-12-11T01:45:00
0.70925,0.70925,0.696828,0.706423,1607651040,2020-12-11T01:44:00
0.654393,0.719872,0.654393,0.719872,1607650980,2020-12-11T01:43:00
0.672414,0.672414,0.657058,0.66152,1607650920,2020-12-11T01:42:00
0.648085,0.653834,0.647118,0.647118,1607650860,2020-12-11T01:41:00
0.63891,0.639429,0.636904,0.636904,1607650800,2020-12-11T01:40:00
0.677849,0.678574,0.677849,0.678574,1607650680,2020-12-11T01:38:00
0.676373,0.676373,0.672424,0.672424,1607650620,2020-12-11T01:37:00
0.646074,0.669526,0.646074,0.669526,1607650500,2020-12-11T01:35:00
0.618932,0.675466,0.618932,0.675466,1607650440,2020-12-11T01:34:00
0.599175,0.627628,0.599175,0.627628,1607650380,2020-12-11T01:33:00
0.620033,0.620033,0.596146,0.596146,1607650320,2020-12-11T01:32:00
0.682249,0.682249,0.642255,0.642255,1607650260,2020-12-11T01:31:00
0.708988,0.708988,0.668077,0.685934,1607650140,2020-12-11T01:29:00
0.673817,0.673817,0.656794,0.656794,1607650080,2020-12-11T01:28:00
0.684139,0.684139,0.671978,0.671978,1607650020,2020-12-11T01:27:00
0.658855,0.681315,0.658855,0.681315,1607649960,2020-12-11T01:26:00
0.662942,0.668201,0.65254,0.666863,1607649840,2020-12-11T01:24:00
0.652601,0.657101,0.648476,0.657101,1607649780,2020-12-11T01:23:00
0.632914,0.648275,0.628701,0.628701,1607649720,2020-12-11T01:22:00
0.624919,0.631517,0.622845,0.631517,1607649660,2020-12-11T01:21:00
0.631327,0.631327,0.616346,0.620018,1607649600,2020-12-11T01:20:00
0.639813,0.639813,0.617098,0.622784,1607649540,2020-12-11T01:19:00
0.672752,0.675836,0.634964,0.634964,1607649480,2020-12-11T01:18:00
0.680412,0.69366,0.667152,0.683357,1607649420,2020-12-11T01:17:00
0.684651,0.684651,0.660399,0.660399,1607649360,2020-12-11T01:16:00
0.628526,0.676634,0.625433,0.676634,1607649300,2020-12-11T01:15:00
0.600762,0.618167,0.600762,0.618167,1607649240,2020-12-11T01:14:00
0.589838,0.64955,0.589838,0.64955,1607649180,2020-12-11T01:13:00
0.600217,0.608741,0.583235,0.583235,1607649120,2020-12-11T01:12:00
0.614554,0.652274,0.614554,0.652274,1607649060,2020-12-11T01:11:00
0.583389,0.615063,0.583389,0.615063,1607649000,2020-12-11T01:10:00
0.570102,0.581144,0.566601,0.578615,1607648940,2020-12-11T01:09:00
0.557349,0.563912,0.557349,0.563912,1607648880,2020-12-11T01:08:00
0.543691,0.556197,0.543691,0.556197,1607648820,2020-12-11T01:07:00
0.542264,0.542264,0.542264,0.542264,1607648760,2020-12-11T01:06:00
0.543212,0.543212,0.531755,0.53739,1607648700,2020-12-11T01:05:00
0.523685,0.536116,0.523685,0.536116,1607648640,2020-12-11T01:04:00
0.521375,0.523875,0.518622,0.518622,1607648580,2020-12-11T01:03:00
0.509565,0.524519,0.509565,0.513241,1607648520,2020-12-11T01:02:00
0.481317,0.51241,0.481317,0.51241,1607648460,2020-12-11T01:01:00
0.488269,0.488269,0.465447,0.465447,1607648400,2020-12-11T01:00:00
0.420207,0.420207,0.420207,0.420207,1607648340,2020-12-11T00:59:00
0.423792,0.423792,0.398096,0.422144,1607648280,2020-12-11T00:58:00
0.446154,0.452417,0.419327,0.419327,1607648220,2020-12-11T00:57:00
0.402918,0.440803,0.402918,0.440803,1607648160,2020-12-11T00:56:00
0.399991,0.399991,0.399991,0.399991,1607648100,2020-12-11T00:55:00
0.358958,0.382047,0.358958,0.382047,1607648040,2020-12-11T00:54:00
0.332046,0.35771,0.332046,0.35771,1607647980,2020-12-11T00:53:00
0.317075,0.330154,0.30525,0.330154,1607647920,2020-12-11T00:52:00
0.36116,0.370226,0.318353,0.318353,1607647860,2020-12-11T00:51:00
0.3666,0.369721,0.331429,0.331429,1607647800,2020-12-11T00:50:00
0.421651,0.421651,0.353104,0.353104,1607647740,2020-12-11T00:49:00
0.435362,0.465886,0.40795,0.40795,1607647680,2020-12-11T00:48:00
0.39649,0.442617,0.39649,0.442617,1607647620,2020-12-11T00:47:00
0.291535,0.352731,0.291535,0.351757,1607647560,2020-12-11T00:46:00
0.268756,0.290341,0.268756,0.290341,1607647500,2020-12-11T00:45:00
